1,partido_nombre,partido_nombre_corto,partido_codigo,partido_color,opcion_codigo,opcion_nombre,opcion_nombre_corto,partido_orden,opcion_orden,distrito_name (no se utiliza),cargo (no se utiliza),categoria_nombre,categoria_slug,distrito_nro,candidato1ro (no se utiliza)
30,ALIANZA FRENTE DE IZQUIERDA Y DE LOS TRABAJADORES,ALIANZA FRENTE DE IZQUIERDA Y DE LOS TRABAJADORES,501,,501,unidad,unidad,29,29,Ciudad Autónoma de Buenos Aires,Diputados Nacionales,Diputados Nacionales Ciudad Autónoma de Buenos Aires,DN1,1,MYRIAM TERESA BREGMAN
40,ALIANZA FRENTE DE IZQUIERDA Y DE LOS TRABAJADORES,ALIANZA FRENTE DE IZQUIERDA Y DE LOS TRABAJADORES,501,,501,UNIDAD,UNIDAD,39,39,Ciudad Autónoma de Buenos Aires,Senadores Nacionales,Senadores Nacionales Ciudad Autónoma de Buenos Aires,SN1,1,JORGE DANIEL ADARO
36,Autodeterminación y Libertad,Autodeterminación y Libertad,187,,187,"187-A ""QUE LOS PUEBLOS MANDEN""","187-A ""QUE LOS PUEBLOS MANDEN""",35,35,Ciudad Autónoma de Buenos Aires,Diputados Nacionales,Diputados Nacionales Ciudad Autónoma de Buenos Aires,DN1,1,LUIS FERNANDO ZAMORA
46,Autodeterminación y Libertad,Autodeterminación y Libertad,187,,187,187-A QUE LOS PUEBLOS MANDEN,187-A QUE LOS PUEBLOS MANDEN,45,45,Ciudad Autónoma de Buenos Aires,Senadores Nacionales,Senadores Nacionales Ciudad Autónoma de Buenos Aires,SN1,1,SERGIO ADRIAN SALLUSTIO
33,CONSENSOFEDERAL,CONSENSOFEDERAL,504,,504,CONSENSO PARA EL FUTURO,CONSENSO PARA EL FUTURO,32,32,Ciudad Autónoma de Buenos Aires,Diputados Nacionales,Diputados Nacionales Ciudad Autónoma de Buenos Aires,DN1,1,MARCO JUAN LAVAGNA
43,CONSENSOFEDERAL,CONSENSOFEDERAL,504,,504,504A CONSENSO PARA EL FUTURO,504A CONSENSO PARA EL FUTURO,42,42,Ciudad Autónoma de Buenos Aires,Senadores Nacionales,Senadores Nacionales Ciudad Autónoma de Buenos Aires,SN1,1,RAMIRO DANIEL MARRA
51,CONSENSOFEDERAL,CONSENSOFEDERAL,504,,504,504 B PROGRESISTAS,504 B PROGRESISTAS,50,50,Ciudad Autónoma de Buenos Aires,Diputados Nacionales,Diputados Nacionales Ciudad Autónoma de Buenos Aires,DN1,1,CARLOS MANUEL CAMPOLONGO
38,Dignidad Popular,Dignidad Popular,342,,342,LIBERACION,LIBERACION,37,37,Ciudad Autónoma de Buenos Aires,Diputados Nacionales,Diputados Nacionales Ciudad Autónoma de Buenos Aires,DN1,1,JORGE OSCAR DORIO
49,Dignidad Popular,Dignidad Popular,342,,342,LIBERACION,LIBERACION,48,48,Ciudad Autónoma de Buenos Aires,Senadores Nacionales,Senadores Nacionales Ciudad Autónoma de Buenos Aires,SN1,1,PABLO AUGUSTO SERCOVICH
37,El Movimiento,El Movimiento,262,,262,\N,\N,36,36,Ciudad Autónoma de Buenos Aires,Diputados Nacionales,Diputados Nacionales Ciudad Autónoma de Buenos Aires,DN1,1,HORACIO RICCIARDELLI
47,El Movimiento,El Movimiento,262,,262,CELESTE,CELESTE,46,46,Ciudad Autónoma de Buenos Aires,Senadores Nacionales,Senadores Nacionales Ciudad Autónoma de Buenos Aires,SN1,1,CARLOS ALFREDO TORTORA
31,frente de todos,frente de todos,502,,502,celeste y blanca,celeste y blanca,30,30,Ciudad Autónoma de Buenos Aires,Diputados Nacionales,Diputados Nacionales Ciudad Autónoma de Buenos Aires,DN1,1,FERNANDO EZEQUIEL SOLANAS
41,frente de todos,frente de todos,502,,502,CELESTE Y BLANCA,CELESTE Y BLANCA,40,40,Ciudad Autónoma de Buenos Aires,Senadores Nacionales,Senadores Nacionales Ciudad Autónoma de Buenos Aires,SN1,1,MARIANO RECALDE
48,Frente Renovador Autentico,Frente Renovador Autentico,333,,333,\N,\N,47,47,Ciudad Autónoma de Buenos Aires,Senadores Nacionales,Senadores Nacionales Ciudad Autónoma de Buenos Aires,SN1,1,ROBERTO ESTEBAN FERNANDEZ
32,JUNTOSPORELCAMBIO,JUNTOSPORELCAMBIO,503,,503,Juntos Somos el Cambio,Juntos Somos el Cambio,31,31,Ciudad Autónoma de Buenos Aires,Diputados Nacionales,Diputados Nacionales Ciudad Autónoma de Buenos Aires,DN1,1,MAXIMILIANO CARLOS FRANCISCO FERRARO
42,JUNTOSPORELCAMBIO,JUNTOSPORELCAMBIO,503,,503,Juntos Somos el Cambio,Juntos Somos el Cambio,41,41,Ciudad Autónoma de Buenos Aires,Senadores Nacionales,Senadores Nacionales Ciudad Autónoma de Buenos Aires,SN1,1,MARTIN LOUSTEAU
39,Movimiento de Jubilados y Juventud,Movimiento de Jubilados y Juventud,343,,343,MISION CELESTE,MISION CELESTE,38,38,Ciudad Autónoma de Buenos Aires,Diputados Nacionales,Diputados Nacionales Ciudad Autónoma de Buenos Aires,DN1,1,JULIO MANUEL GOMEZ PERALTA
50,Movimiento de Jubilados y Juventud,Movimiento de Jubilados y Juventud,343,,343,MISION CELESTE,MISION CELESTE,49,49,Ciudad Autónoma de Buenos Aires,Senadores Nacionales,Senadores Nacionales Ciudad Autónoma de Buenos Aires,SN1,1,ELISEO ADOLFO SCHAERER
34,Partido Democrata Cristiano,Partido Democrata Cristiano,5,,5,CIUDAD CELESTE,CIUDAD CELESTE,33,33,Ciudad Autónoma de Buenos Aires,Diputados Nacionales,Diputados Nacionales Ciudad Autónoma de Buenos Aires,DN1,1,CARLOS GABRIEL BALLERINI
44,Partido Democrata Cristiano,Partido Democrata Cristiano,5,,5,CIUDAD CELESTE POR LA VIDA Y LA FAMILIA,CIUDAD CELESTE POR LA VIDA Y LA FAMILIA,43,43,Ciudad Autónoma de Buenos Aires,Senadores Nacionales,Senadores Nacionales Ciudad Autónoma de Buenos Aires,SN1,1,ANA MARIA GARCIA MARTIN
35,Unite por la Libertad y la Dignidad,Unite por la Libertad y la Dignidad,179,,179,ola celeste,ola celeste,34,34,Ciudad Autónoma de Buenos Aires,Diputados Nacionales,Diputados Nacionales Ciudad Autónoma de Buenos Aires,DN1,1,NAZARENO GABRIEL ETCHEPARE
45,Unite por la Libertad y la Dignidad,Unite por la Libertad y la Dignidad,179,,179,OLA CELESTE,OLA CELESTE,44,44,Ciudad Autónoma de Buenos Aires,Senadores Nacionales,Senadores Nacionales Ciudad Autónoma de Buenos Aires,SN1,1,RAUL OSCAR RACANA
225,ALIANZA CONSENSO FEDERAL,ALIANZA CONSENSO FEDERAL,ACF,,ACF,HAY CONSENSO,HAY CONSENSO,3,3,Buenos Aires,Gobernador y vice,Gobernador y vice Pcia de Buenos Aires,G2,2,
4,alianza frente de izquierda y de trabajadores-unidad,alianza frente de izquierda y de trabajadores-unidad,505,,505,UNIDAD,UNIDAD,3,3,Buenos Aires,Diputados Nacionales,Diputados Nacionales Buenos Aires,DN2,2,NESTOR ANTONIO PITROLA
227,ALIANZA FRENTE DE TODOS,ALIANZA FRENTE DE TODOS,FT,,FT,CELESTE Y BLANCA 2,CELESTE Y BLANCA 2,5,5,Buenos Aires,Gobernador y vice,Gobernador y vice Pcia de Buenos Aires,G2,2,
223,ALIANZA FRENTE NOS,ALIANZA FRENTE NOS,FN,,FN,LINEA UNICA,LINEA UNICA,1,1,Buenos Aires,Gobernador y vice,Gobernador y vice Pcia de Buenos Aires,G2,2,
226,ALIANZA JUNTOS POR EL CAMBIO,ALIANZA JUNTOS POR EL CAMBIO,JPC,,JPC,1 A,1 A,4,4,Buenos Aires,Gobernador y vice,Gobernador y vice Pcia de Buenos Aires,G2,2,
224,"ALIANZA, FRENTE DE IZQUIERDA Y DE TRABAJADORES-UNIDAD","ALIANZA, FRENTE DE IZQUIERDA Y DE TRABAJADORES-UNIDAD",FIT,,FIT,LISTA - UNIDAD,LISTA - UNIDAD,2,2,Buenos Aires,Gobernador y vice,Gobernador y vice Pcia de Buenos Aires,G2,2,
12,consenso federal,consenso federal,504,,504,hay consenso,hay consenso,11,11,Buenos Aires,Diputados Nacionales,Diputados Nacionales Buenos Aires,DN2,2,GRACIELA CAMAÑO
10,frente patriota,frente patriota,132,,132,celeste,celeste,9,9,Buenos Aires,Diputados Nacionales,Diputados Nacionales Buenos Aires,DN2,2,SEBASTIAN JORGE BUSTAMAnte
7,FTE. DE TODOS,FTE. DE TODOS,503,,503,CELESTE Y BLANCA,CELESTE Y BLANCA,6,6,Buenos Aires,Diputados Nacionales,Diputados Nacionales Buenos Aires,DN2,2,SERGIO MASSA
8,JUNTOS POR EL CAMBIO,JUNTOS POR EL CAMBIO,502,,502,Juntos somos el cambio,Juntos somos el cambio,7,7,Buenos Aires,Diputados Nacionales,Diputados Nacionales Buenos Aires,DN2,2,CRISTIAN ADRIAN RITONDO
229,MOVIMIENTO AVANZADA SOCIALISTA,MOVIMIENTO AVANZADA SOCIALISTA,MAS,,MAS,UNIDAD DE LA IZQUIERDA,UNIDAD DE LA IZQUIERDA,7,7,Buenos Aires,Gobernador y vice,Gobernador y vice Pcia de Buenos Aires,G2,2,
5,MOVIMIENTO DE AVANZADA SOCIALISTA,MOVIMIENTO DE AVANZADA SOCIALISTA,276,,276,unidad de la izquierda,unidad de la izquierda,4,4,Buenos Aires,Diputados Nacionales,Diputados Nacionales Buenos Aires,DN2,2,HECTOR A HEBERLING
9,movimiento de organizacion democratica,movimiento de organizacion democratica,309,,309,compromiso ciudadano,compromiso ciudadano,8,8,Buenos Aires,Diputados Nacionales,Diputados Nacionales Buenos Aires,DN2,2,MIGUEL ANGEL HERNANDEZ
13,PARTIDO DIGNIDAD POPULAR,PARTIDO DIGNIDAD POPULAR,88,,88,POR LA VIDA,POR LA VIDA,12,12,Buenos Aires,Diputados Nacionales,Diputados Nacionales Buenos Aires,DN2,2,JULIO MIGUEL DE VIDO
228,PARTIDO DIGNIDAD POPULAR,PARTIDO DIGNIDAD POPULAR,88,,88,POR LA VIDA,POR LA VIDA,6,6,Buenos Aires,Gobernador y vice,Gobernador y vice Pcia de Buenos Aires,G2,2,
231,PARTIDO FRENTE PATRIOTA,PARTIDO FRENTE PATRIOTA,FP,,FP,LISTA LEALTAD,LISTA LEALTAD,9,9,Buenos Aires,Gobernador y vice,Gobernador y vice Pcia de Buenos Aires,G2,2,
6,PARTIDO HUMANISTA,PARTIDO HUMANISTA,207,,207,NARANJA,NARANJA,5,5,Buenos Aires,Diputados Nacionales,Diputados Nacionales Buenos Aires,DN2,2,GUILLERMO CILISELLI
230,PARTIDO MOVIMIENTO ORGANIZACION DEMOCRATICA,PARTIDO MOVIMIENTO ORGANIZACION DEMOCRATICA,MOD,,MOD,AZUL Y BLANCO,AZUL Y BLANCO,8,8,Buenos Aires,Gobernador y vice,Gobernador y vice Pcia de Buenos Aires,G2,2,
3,partido renovador federal,partido renovador federal,79,,79,somos renovadores,somos renovadores,2,2,Buenos Aires,Diputados Nacionales,Diputados Nacionales Buenos Aires,DN2,2,GUSTAVO SERGIO CUERVO
2,partido republicano federal,partido republicano federal,314,,314,celeste y blanco,celeste y blanco,1,1,Buenos Aires,Diputados Nacionales,Diputados Nacionales Buenos Aires,DN2,2,ROBERTO EDUARDO DAMBORIANA
11,UNITE! POR LA LIBERTAD Y LA DIGNIDAD,UNITE! POR LA LIBERTAD Y LA DIGNIDAD,87,,87,esperanza,esperanza,10,10,Buenos Aires,Diputados Nacionales,Diputados Nacionales Buenos Aires,DN2,2,LUIS MATIAS MONTAOS
16,consenso federal catamarca,consenso federal catamarca,504,,504,504a,504a,15,15,Catamarca,Diputados Nacionales,Diputados Nacionales Catamarca,DN3,3,JOSE LUIS BARRIONUEVO
17,FRENTE DE IZQUIERDA Y DE TRABAJADORES UNIDAD CATAMARCA,FRENTE DE IZQUIERDA Y DE TRABAJADORES UNIDAD CATAMARCA,505,,505,lista 1a unidad,lista 1a unidad,16,16,Catamarca,Diputados Nacionales,Diputados Nacionales Catamarca,DN3,3,DANIEL HUMBERTO BLANES
14,FRENTE DE TODOS CATAMARCA,FRENTE DE TODOS CATAMARCA,503,,503,celeste y blanca,celeste y blanca,13,13,Catamarca,Diputados Nacionales,Diputados Nacionales Catamarca,DN3,3,LUCIA CORPACCI
15,frente somos catamarca,frente somos catamarca,183,,183,\N,\N,14,14,Catamarca,Diputados Nacionales,Diputados Nacionales Catamarca,DN3,3,OSCAR AUGUSTO FUENTES
21,FRENTE UNIDOS POR LA GENTE CATAMARCA,FRENTE UNIDOS POR LA GENTE CATAMARCA,501,,501,unidos x la gente,unidos x la gente,20,20,Catamarca,Diputados Nacionales,Diputados Nacionales Catamarca,DN3,3,KArEN GISELLE CARRIZO
19,frentejuntosporelcambiocatamarca,frentejuntosporelcambiocatamarca,506,,506,cambia catamarca,cambia catamarca,18,18,Catamarca,Diputados Nacionales,Diputados Nacionales Catamarca,DN3,3,RUBEN HORACIO MANZI
18,PARTIDO POPULAR CATAMARCA,PARTIDO POPULAR CATAMARCA,198,,198,celeste,celeste,17,17,Catamarca,Diputados Nacionales,Diputados Nacionales Catamarca,DN3,3,JUAN ANTONIO NIEVA
20,union del centro democratico catamarca,union del centro democratico catamarca,218,,218,democrata,democrata,19,19,Catamarca,Diputados Nacionales,Diputados Nacionales Catamarca,DN3,3,CRISTIAN WALTER BULACIOS
56,consenso federal,consenso federal,506,,506,consenso para el futuro,consenso para el futuro,55,55,Córdoba,Diputados Nacionales,Diputados Nacionales Córdoba,DN4,4,ROBERTO BIRRI
55,encuentro vecinal cordoba,encuentro vecinal cordoba,217,,217,VALORES EN ACCION,VALORES EN ACCION,54,54,Córdoba,Diputados Nacionales,Diputados Nacionales Córdoba,DN4,4,RODRIGO MARIA AGRELO
58,frente de izquierda y de trabajadores - unidad,frente de izquierda y de trabajadores - unidad,504,,504,unidad,unidad,57,57,Córdoba,Diputados Nacionales,Diputados Nacionales Córdoba,DN4,4,LILIANA OLIVERO
64,frente de todos,frente de todos,505,,505,De todos,De todos,63,63,Córdoba,Diputados Nacionales,Diputados Nacionales Córdoba,DN4,4,EDUARDO GABRIEL FERNANDEZ
60,frente despertar,frente despertar,501,,501A,LISTA 501 A DEMOCRATA LIBERAL,LISTA 501 A DEMOCRATA LIBERAL,59,59,Córdoba,Diputados Nacionales,Diputados Nacionales Córdoba,DN4,4,CARLOS ALBERTO BIANCO
61,frente despertar,frente despertar,501,,501B,LISTA 501 B LIBERTARIOS,LISTA 501 B LIBERTARIOS,60,60,Córdoba,Diputados Nacionales,Diputados Nacionales Córdoba,DN4,4,AGUSTIN ALEJANDRO SPACCESI
59,hacemos por cordoba,hacemos por cordoba,503,,503,PRIMERO CORDOBA,PRIMERO CORDOBA,58,58,Córdoba,Diputados Nacionales,Diputados Nacionales Córdoba,DN4,4,CARLOS MARIO GUTIERREZ
62,juntos por el cambio,juntos por el cambio,502,,502A,juntos por cordoba,juntos por cordoba,61,61,Córdoba,Diputados Nacionales,Diputados Nacionales Córdoba,DN4,4,MARIO RAUL NEGRI
63,juntos por el cambio,juntos por el cambio,502,,502B,somos consenso y renovacion,somos consenso y renovacion,62,62,Córdoba,Diputados Nacionales,Diputados Nacionales Córdoba,DN4,4,JAVIER HORACIO FABRE
65,juntos por el cambio,juntos por el cambio,502,,502C,BLANCA Y ROJA,BLANCA Y ROJA,64,64,Córdoba,Diputados Nacionales,Diputados Nacionales Córdoba,DN4,4,MIGUEL OSVALDO NICOLAS
52,movimiento al socialismo,movimiento al socialismo,13,,13,unidad de la izquierda,unidad de la izquierda,51,51,Córdoba,Diputados Nacionales,Diputados Nacionales Córdoba,DN4,4,JULIA DI SANTI
54,movimiento de accion vecinal,movimiento de accion vecinal,57,,57,Compromiso vecinal,Compromiso vecinal,53,53,Córdoba,Diputados Nacionales,Diputados Nacionales Córdoba,DN4,4,ALEJANDRA FERNANDEZ
57,union popular,union popular,23,,23,AZUL Y AMARILLO,AZUL Y AMARILLO,56,56,Córdoba,Diputados Nacionales,Diputados Nacionales Córdoba,DN4,4,MARIO ALFREDO PERAL
53,unite por la libertad y la dignidad,unite por la libertad y la dignidad,87,,87,LA OLA CELESTE,LA OLA CELESTE,52,52,Córdoba,Diputados Nacionales,Diputados Nacionales Córdoba,DN4,4,ARIEL ALFREDO DIAZ
67,CIUDADANOS A GOBERNAR,CIUDADANOS A GOBERNAR,216,,216,"""a""    VIDA FAMILIA VALORES","""a""    VIDA FAMILIA VALORES",66,66,Corrientes,Diputados Nacionales,Diputados Nacionales Corrientes,DN5,5,"EDUARDO ""PACO""  ACHITTE"
72,CONSENSO FEDERAL - ctes,CONSENSO FEDERAL - ctes,503,,503A,otro rumbo,otro rumbo,71,71,Corrientes,Diputados Nacionales,Diputados Nacionales Corrientes,DN5,5,GABRIEL ALEJANDRO ROMERO
74,CONSENSO FEDERAL - ctes,CONSENSO FEDERAL - ctes,503,,503B,somos la alternativa,somos la alternativa,73,73,Corrientes,Diputados Nacionales,Diputados Nacionales Corrientes,DN5,5,JUAN PANTALEON EUGENIO ALMADA
66,ENCUENTRO POR CORRIENTES - ECO + JUNTOS POR EL CAMBIO - ctes,ENCUENTRO POR CORRIENTES - ECO + JUNTOS POR EL CAMBIO - ctes,502,,502A,verde,verde,65,65,Corrientes,Diputados Nacionales,Diputados Nacionales Corrientes,DN5,5,JORGE VARA
70,ENCUENTRO POR CORRIENTES - ECO + JUNTOS POR EL CAMBIO - ctes,ENCUENTRO POR CORRIENTES - ECO + JUNTOS POR EL CAMBIO - ctes,502,,502B,DEFENSORES DEL CAMBIO,DEFENSORES DEL CAMBIO,69,69,Corrientes,Diputados Nacionales,Diputados Nacionales Corrientes,DN5,5,INGRID JETTER
73,ENCUENTRO POR CORRIENTES - ECO + JUNTOS POR EL CAMBIO - ctes,ENCUENTRO POR CORRIENTES - ECO + JUNTOS POR EL CAMBIO - ctes,502,,502C,VAMOS JUNTOS,VAMOS JUNTOS,72,72,Corrientes,Diputados Nacionales,Diputados Nacionales Corrientes,DN5,5,"EMILIO ""FLaco"" REY"
68,FRENTE DE TODOS - ctes,FRENTE DE TODOS - ctes,501,,501A,peronismo ortodoxo,peronismo ortodoxo,67,67,Corrientes,Diputados Nacionales,Diputados Nacionales Corrientes,DN5,5,JORGE ALBERTO BAEZ
69,FRENTE DE TODOS - ctes,FRENTE DE TODOS - ctes,501,,501B,CELESTE Y BLANCA,CELESTE Y BLANCA,68,68,Corrientes,Diputados Nacionales,Diputados Nacionales Corrientes,DN5,5,"JOSE ""PITIN"" RUIZ ARAGON"
71,FRENTE DE TODOS - ctes,FRENTE DE TODOS - ctes,501,,501C,AZUL Y BLANCA 11 DE MARZO,AZUL Y BLANCA 11 DE MARZO,70,70,Corrientes,Diputados Nacionales,Diputados Nacionales Corrientes,DN5,5,JOSE ERNESTO MEIXNER
75,FRENTE DE TODOS - ctes,FRENTE DE TODOS - ctes,501,,501D,unidad correntina,unidad correntina,74,74,Corrientes,Diputados Nacionales,Diputados Nacionales Corrientes,DN5,5,EMILIO RICARDO ROTELA
76,FRENTE DE TODOS - ctes,FRENTE DE TODOS - ctes,501,,501E,todos somos parte,todos somos parte,75,75,Corrientes,Diputados Nacionales,Diputados Nacionales Corrientes,DN5,5,FERNANDO RODRIGUEZ
77,FRENTE DE TODOS - ctes,FRENTE DE TODOS - ctes,501,,501F,VAMOS TODOS,VAMOS TODOS,76,76,Corrientes,Diputados Nacionales,Diputados Nacionales Corrientes,DN5,5,JOSE RODOLFO MARTINEZ LLANO
29,alianza frente de todos,alianza frente de todos,501,,501,CELESTE Y BLANCA,CELESTE Y BLANCA,28,28,Chubut,Diputados Nacionales,Diputados Nacionales Chubut,DN7,7,SANTIAGO NICOLAS IGON
23,ALIANZA JUNTOS POR EL CAMBIO CHUBUT,ALIANZA JUNTOS POR EL CAMBIO CHUBUT,503,,503A,juntos somos el cambio chubut,juntos somos el cambio chubut,22,22,Chubut,Diputados Nacionales,Diputados Nacionales Chubut,DN7,7,"IGNACIO ""Nacho"" TORRES"
24,ALIANZA JUNTOS POR EL CAMBIO CHUBUT,ALIANZA JUNTOS POR EL CAMBIO CHUBUT,503,,503B,proyecto chubut,proyecto chubut,23,23,Chubut,Diputados Nacionales,Diputados Nacionales Chubut,DN7,7,EDUARDO JOSE CONDE
27,CHUBUTALFRENTE,CHUBUTALFRENTE,502,,502A,porsiemprechubut,porsiemprechubut,26,26,Chubut,Diputados Nacionales,Diputados Nacionales Chubut,DN7,7,MAXIMO GABRIeL PEREZ CATAN
28,CHUBUTALFRENTE,CHUBUTALFRENTE,502,,502B,la militancia al frente,la militancia al frente,27,27,Chubut,Diputados Nacionales,Diputados Nacionales Chubut,DN7,7,CARLOS Alfredo BELIZ
26,FRENTE DE IZQUIERDA,FRENTE DE IZQUIERDA,504,,504,unidad,unidad,25,25,Chubut,Diputados Nacionales,Diputados Nacionales Chubut,DN7,7,GLORIA SAEZ
25,MOVIMIENTO POLO SOCIAL CHUBUT,MOVIMIENTO POLO SOCIAL CHUBUT,152,,152,CONSENSO PARA EL FUTURO,CONSENSO PARA EL FUTURO,24,24,Chubut,Diputados Nacionales,Diputados Nacionales Chubut,DN7,7,CESAR JAVIER AYALA
22,PARTIDO INDEPENDIENTE DE CHUBUT,PARTIDO INDEPENDIENTE DE CHUBUT,151,,151,SUMEMOS,SUMEMOS,21,21,Chubut,Diputados Nacionales,Diputados Nacionales Chubut,DN7,7,CARLOS EDUARDO WOHN
86,frente de todos,frente de todos,501,,501,celeste y blanca,celeste y blanca,85,85,Entre Ríos,Diputados Nacionales,Diputados Nacionales Entre Ríos,DN8,8,MARCELO PABLO CASARETTO
79,JUNTOS POR EL CAMBIO,JUNTOS POR EL CAMBIO,502,,502A,futuro entrerriano,futuro entrerriano,78,78,Entre Ríos,Senadores Nacionales,Senadores Nacionales Entre Ríos,SN8,8,RAYMUNDO ARTURO KISSER
80,JUNTOS POR EL CAMBIO,JUNTOS POR EL CAMBIO,502,,502B,DEFENSORES DEL CAMBIO,DEFENSORES DEL CAMBIO,79,79,Entre Ríos,Senadores Nacionales,Senadores Nacionales Entre Ríos,SN8,8,HERNAN JAVIER BLAZQUEZ
83,JUNTOS POR EL CAMBIO,JUNTOS POR EL CAMBIO,502,,502B,defensores del cambio,defensores del cambio,82,82,Entre Ríos,Diputados Nacionales,Diputados Nacionales Entre Ríos,DN8,8,EMANUEL GAINZA
85,JUNTOS POR EL CAMBIO,JUNTOS POR EL CAMBIO,502,,502C,JUNTOS SOMOS EL CAMBIO,JUNTOS SOMOS EL CAMBIO,84,84,Entre Ríos,Senadores Nacionales,Senadores Nacionales Entre Ríos,SN8,8,ALFREDO LUIS DE ANGELI
78,MOVIMIENTO AL SOCIALISMO,MOVIMIENTO AL SOCIALISMO,13,,13,unidad de la izquierda,unidad de la izquierda,77,77,Entre Ríos,Senadores Nacionales,Senadores Nacionales Entre Ríos,SN8,8,LUIS ANTONIO ROJAS
81,nueva izquierda,nueva izquierda,68,,68,unidad,unidad,80,80,Entre Ríos,Senadores Nacionales,Senadores Nacionales Entre Ríos,SN8,8,LUIS GUILLERMO MEINERS
82,PARTIDO SOCIALISTA,PARTIDO SOCIALISTA,50,,50A,CONSENSO FEDERAL,CONSENSO FEDERAL,81,81,Entre Ríos,Senadores Nacionales,Senadores Nacionales Entre Ríos,SN8,8,LISANDRO LUIS GAMARRA
84,PARTIDO SOCIALISTA,PARTIDO SOCIALISTA,50,,50B,CONSENSO FEDERAL,CONSENSO FEDERAL,83,83,Entre Ríos,Senadores Nacionales,Senadores Nacionales Entre Ríos,SN8,8,ISMAEL SEBASTIAN ETCHEVERRY
87,CONSENSO FEDERAL,CONSENSO FEDERAL,502,,502,\N,\N,86,86,Formosa,Diputados Nacionales,Diputados Nacionales Formosa,DN9,9,JOSE ANTONIO TREUS
88,Frente Amplio Formoseño Juntos por el Cambio,Frente Amplio Formoseño Juntos por el Cambio,503,,503A,vamos juntos,vamos juntos,87,87,Formosa,Diputados Nacionales,Diputados Nacionales Formosa,DN9,9,MARTIN OSVALDO HERNANDEZ
89,Frente Amplio Formoseño Juntos por el Cambio,Frente Amplio Formoseño Juntos por el Cambio,503,,503B,JUNTOS POR LA INTEGRACION Y EL DESARROLLO,JUNTOS POR LA INTEGRACION Y EL DESARROLLO,88,88,Formosa,Diputados Nacionales,Diputados Nacionales Formosa,DN9,9,ANGEL LUIS BIGATTI
90,Frente Amplio Formoseño Juntos por el Cambio,Frente Amplio Formoseño Juntos por el Cambio,503,,503C,JUNTOS SOMOS EL CAMBIO,JUNTOS SOMOS EL CAMBIO,89,89,Formosa,Diputados Nacionales,Diputados Nacionales Formosa,DN9,9,RICARDO BURYAILE
91,frente de todos,frente de todos,501,,501,celeste y blanca,celeste y blanca,90,90,Formosa,Diputados Nacionales,Diputados Nacionales Formosa,DN9,9,LUIS EUGENIO BASTERRA
92,Movimiento Socialista de los Trabajadores,Movimiento Socialista de los Trabajadores,38,,38,uNIDAD,uNIDAD,91,91,Formosa,Diputados Nacionales,Diputados Nacionales Formosa,DN9,9,CARLOS FABIAN SERVIN
100,consenso federal,consenso federal,503,,503,celeste y blanca,celeste y blanca,99,99,Jujuy,Diputados Nacionales,Diputados Nacionales Jujuy,DN10,10,ALEJANDRO FRANCISCO SNOPEK
96,frente de izquierda y de trabajadores - unidad,frente de izquierda y de trabajadores - unidad,504,,504,unidad1,unidad1,95,95,Jujuy,Diputados Nacionales,Diputados Nacionales Jujuy,DN10,10,ALEJANDRO VILCA
94,frente de todos,frente de todos,501,,501A,POR JUJUY,POR JUJUY,93,93,Jujuy,Diputados Nacionales,Diputados Nacionales Jujuy,DN10,10,GUILLERMO RAUL JENEFES
95,frente de todos,frente de todos,501,,501B,CONFLUIR,CONFLUIR,94,94,Jujuy,Diputados Nacionales,Diputados Nacionales Jujuy,DN10,10,ALBERTO MATUK
97,frente de todos,frente de todos,501,,501C,CELESTE Y BLANCO DE LOS TRABAJADORES,CELESTE Y BLANCO DE LOS TRABAJADORES,96,96,Jujuy,Diputados Nacionales,Diputados Nacionales Jujuy,DN10,10,JULIO D. FERREYRA
98,frente de todos,frente de todos,501,,501D,arriba jujuy,arriba jujuy,97,97,Jujuy,Diputados Nacionales,Diputados Nacionales Jujuy,DN10,10,MARIA CAROLINA MOISES
99,frente de todos,frente de todos,501,,501E,UNIDAD JUJEÑA,UNIDAD JUJEÑA,98,98,Jujuy,Diputados Nacionales,Diputados Nacionales Jujuy,DN10,10,ADRIAN RUBEN MENDIETA
102,frente de todos,frente de todos,501,,501F,para volver a tener futuro,para volver a tener futuro,101,101,Jujuy,Diputados Nacionales,Diputados Nacionales Jujuy,DN10,10,GUILLERMO HORACIO SAPAG
101,juntos por el cambio,juntos por el cambio,502,,502,cambia jujuy,cambia jujuy,100,100,Jujuy,Diputados Nacionales,Diputados Nacionales Jujuy,DN10,10,"JORGE ""colo"" RIZZOTTI"
93,partido nacionalista constitucional-unir,partido nacionalista constitucional-unir,PNC,,PNC,UNIR MI JUJUY,UNIR MI JUJUY,92,92,Jujuy,Diputados Nacionales,Diputados Nacionales Jujuy,DN10,10,ROBERTO CARLOS ALEMAN
106,frente de izquierda y de trabajadores - unidad,frente de izquierda y de trabajadores - unidad,503,,503,uNIDAD,uNIDAD,105,105,La Pampa,Diputados Nacionales,Diputados Nacionales La Pampa,DN11,11,CLAUDIA LUPARDO
103,frente de todos,frente de todos,501,,501,celeste Y BLANCA,celeste Y BLANCA,102,102,La Pampa,Diputados Nacionales,Diputados Nacionales La Pampa,DN11,11,HERNAN PEREZ ARAUJO
105,juntos por el cambio,juntos por el cambio,502,,502,RENOVACION Y CAMBIO,RENOVACION Y CAMBIO,104,104,La Pampa,Diputados Nacionales,Diputados Nacionales La Pampa,DN11,11,berhongaray MARTIN ANTONIO
104,MOVIMIENTO AL SOCIALISMO,MOVIMIENTO AL SOCIALISMO,13,,13,UNIDAD DE LA IZQUIERDA,UNIDAD DE LA IZQUIERDA,103,103,La Pampa,Diputados Nacionales,Diputados Nacionales La Pampa,DN11,11,AYELEN PILCIC
107,partido socialista,partido socialista,50,,50,consenso pampeano,consenso pampeano,106,106,La Pampa,Diputados Nacionales,Diputados Nacionales La Pampa,DN11,11,LUIS HERNAN SOLANA
108,compromiso federal,compromiso federal,82,,82,Es posible,Es posible,107,107,La Rioja,Diputados Nacionales,Diputados Nacionales La Rioja,DN12,12,CARLOS ALBERTO SANTANDER
111,FRENTE DE IZQUIERDA Y TRABAJADORES - UNIDAD,FRENTE DE IZQUIERDA Y TRABAJADORES - UNIDAD,501,,501,unidad,unidad,110,110,La Rioja,Diputados Nacionales,Diputados Nacionales La Rioja,DN12,12,MARTIN ANGEL
112,frente de todos,frente de todos,503,,503,celeste y blanca,celeste y blanca,111,111,La Rioja,Diputados Nacionales,Diputados Nacionales La Rioja,DN12,12,SERGIO GUILLERMO CASAS
109,juntos por la rioja,juntos por la rioja,502,,502,HECTOR OLIVARES N°502,HECTOR OLIVARES N°502,108,108,La Rioja,Diputados Nacionales,Diputados Nacionales La Rioja,DN12,12,DIEGO FELIPE ALVAREZ
110,movimiento al socialismo (mas),movimiento al socialismo (mas),13,,13,1a unidad de la izquierda,1a unidad de la izquierda,109,109,La Rioja,Diputados Nacionales,Diputados Nacionales La Rioja,DN12,12,MARIA PAULA ABARCA GRANILLO FERNANDEZ
113,partido nacionalista constitucional,partido nacionalista constitucional,PNC,,PNC,33 DESPERTAR,33 DESPERTAR,112,112,La Rioja,Diputados Nacionales,Diputados Nacionales La Rioja,DN12,12,MATIAS MAXIMILIANO HERRERA
116,CAMBIA MENDOZA,CAMBIA MENDOZA,503,,503,MEJOR PARA MENDOZA,MEJOR PARA MENDOZA,115,115,Mendoza,Diputados Nacionales,Diputados Nacionales Mendoza,DN13,13,ALFREDO CORNEJO
117,FRENTE DE IZQUIERDA Y DE TRABAJADORES  - UNIDAD,FRENTE DE IZQUIERDA Y DE TRABAJADORES  - UNIDAD,501,,501,UNIDAD,UNIDAD,116,116,Mendoza,Diputados Nacionales,Diputados Nacionales Mendoza,DN13,13,LAUTARO JIMENEZ
115,FRENTE DE TODOS,FRENTE DE TODOS,502,,502,celeste y blanca,celeste y blanca,114,114,Mendoza,Diputados Nacionales,Diputados Nacionales Mendoza,DN13,13,MARISA UCEDA
114,protectora fuerza politica,protectora fuerza politica,222,,222,CONSENSO PARA EL FUTURO,CONSENSO PARA EL FUTURO,113,113,Mendoza,Diputados Nacionales,Diputados Nacionales Mendoza,DN13,13,MARCELO MARTIN ROMANO
121,FRENTE DE TODOS,FRENTE DE TODOS,502,,502,CELESTE Y BLANCA,CELESTE Y BLANCA,120,120,Misiones,Diputados Nacionales,Diputados Nacionales Misiones,DN14,14,CRISTINA BRITEZ
118,FRENTE JUNTOS POR EL CAMBIO,FRENTE JUNTOS POR EL CAMBIO,503,,503A,JUNTOS SOMOS EL CAMBIO,JUNTOS SOMOS EL CAMBIO,117,117,Misiones,Diputados Nacionales,Diputados Nacionales Misiones,DN14,14,ALFREDO O.  SCHIAVONI
120,FRENTE JUNTOS POR EL CAMBIO,FRENTE JUNTOS POR EL CAMBIO,503,,503B,juntos por misiones,juntos por misiones,119,119,Misiones,Diputados Nacionales,Diputados Nacionales Misiones,DN14,14,RICARDO LEANDRO ANDERSEN
123,FRENTE JUNTOS POR EL CAMBIO,FRENTE JUNTOS POR EL CAMBIO,503,,503C,juntos,juntos,122,122,Misiones,Diputados Nacionales,Diputados Nacionales Misiones,DN14,14,PEDRO PUERTA
119,FRENTE RENOVADOR DE LA CONCORDIA,FRENTE RENOVADOR DE LA CONCORDIA,501,,501,"ROJA, AZUL Y BLANCA","ROJA, AZUL Y BLANCA",118,118,Misiones,Diputados Nacionales,Diputados Nacionales Misiones,DN14,14,SARTORI DIEGO HORACIO
122,PARTIDO DEL OBRERO,PARTIDO DEL OBRERO,71,,71,UNIDAD,UNIDAD,121,121,Misiones,Diputados Nacionales,Diputados Nacionales Misiones,DN14,14,EDUARDO D. CANTERO
131,CONSENSO FEDERAL,CONSENSO FEDERAL,CF,,CF,A,A,130,130,Neuquén,Diputados Nacionales,Diputados Nacionales Neuquén,DN15,15,JESUS ESCOBAR
127,frente de izquierda y de trabajadores - unidad,frente de izquierda y de trabajadores - unidad,FIZ,,FIZ,UNIDAD A,UNIDAD A,126,126,Neuquén,Diputados Nacionales,Diputados Nacionales Neuquén,DN15,15,RAUL EDUARDO GODOY
129,frente de izquierda y de trabajadores - unidad,frente de izquierda y de trabajadores - unidad,FIZ,,FIZ,UNIDAD A,UNIDAD A,128,128,Neuquén,Senadores Nacionales,Senadores Nacionales Neuquén,SN15,15,NORBERTO EDUARDO CALDUCCI
132,FRENTE DE TODOS,FRENTE DE TODOS,FT,,FT,CELESTE Y BLANCA,CELESTE Y BLANCA,131,131,Neuquén,Senadores Nacionales,Senadores Nacionales Neuquén,SN15,15,OSCAR PARRILLI
126,JUNTOS POR EL CAMBIO,JUNTOS POR EL CAMBIO,JPC,,JPC-A,participacion y renovacion,participacion y renovacion,125,125,Neuquén,Diputados Nacionales,Diputados Nacionales Neuquén,DN15,15,JUAN PELAEZ
133,JUNTOS POR EL CAMBIO,JUNTOS POR EL CAMBIO,JPC,,JPC-B,JUNTOS SOMOS EL CAMBIO,JUNTOS SOMOS EL CAMBIO,132,132,Neuquén,Diputados Nacionales,Diputados Nacionales Neuquén,DN15,15,FRANCISCO SANCHEZ
125,MOVIMIENTO AL SOCIALISMO,MOVIMIENTO AL SOCIALISMO,MAS,,MAS,1a UNIDAD DE LA IZQUIERDA,1a UNIDAD DE LA IZQUIERDA,124,124,Neuquén,Senadores Nacionales,Senadores Nacionales Neuquén,SN15,15,XIMENA MEZA ARROYO
124,MOVIMIENTO POPULAR NEUQUINO,MOVIMIENTO POPULAR NEUQUINO,MPN,,MPN,unidos si podemos lista b,unidos si podemos lista b,123,123,Neuquén,Diputados Nacionales,Diputados Nacionales Neuquén,DN15,15,JOSE OSCAR ESCUDERO
128,MOVIMIENTO POPULAR NEUQUINO,MOVIMIENTO POPULAR NEUQUINO,MPN,,MPN-A,"""B"" UNIDOS SI PODEMOS","""B"" UNIDOS SI PODEMOS",127,127,Neuquén,Senadores Nacionales,Senadores Nacionales Neuquén,SN15,15,HUGO VICTOR RAUQUE
130,MOVIMIENTO POPULAR NEUQUINO,MOVIMIENTO POPULAR NEUQUINO,MPN,,MPN-B,LETRA A -  DEFENDAMOS NEUQUEN,LETRA A -  DEFENDAMOS NEUQUEN,129,129,Neuquén,Senadores Nacionales,Senadores Nacionales Neuquén,SN15,15,GUILLERMO JUAN PEREYRA
137,frente de izquierda y de trabajadores - unidad,frente de izquierda y de trabajadores - unidad,503,,503,unidad  a,unidad  a,136,136,Rio Negro,Senadores Nacionales,Senadores Nacionales Rio Negro,SN16,16,GABRIEL  MUSA
138,FRENTE DE TODOS,FRENTE DE TODOS,502,,502,CELESTE Y BLANCA,CELESTE Y BLANCA,137,137,Rio Negro,Diputados Nacionales,Diputados Nacionales Rio Negro,DN16,16,MARTIN IGNACIO SORIA
140,FRENTE DE TODOS,FRENTE DE TODOS,502,,502,CELESTE Y BLANCA,CELESTE Y BLANCA,139,139,Rio Negro,Senadores Nacionales,Senadores Nacionales Rio Negro,SN16,16,CLAUDIO MARTIN DOÑATE
139,JUNTOS POR EL CAMBIO,JUNTOS POR EL CAMBIO,501,,501,Juntos Somos el Cambio,Juntos Somos el Cambio,138,138,Rio Negro,Senadores Nacionales,Senadores Nacionales Rio Negro,SN16,16,MARCELO ALEJANDRO CASCON
136,juntos somos rio negro,juntos somos rio negro,JSRN,,JSRN,sigamos creciendo,sigamos creciendo,135,135,Rio Negro,Senadores Nacionales,Senadores Nacionales Rio Negro,SN16,16,ALBERTO EDGARDO WERETILNECK
134,MOVIMIENTO AL SOCIALISMO - MAS,MOVIMIENTO AL SOCIALISMO - MAS,MAS,,MAS,Unidad de la Izquierda,Unidad de la Izquierda,133,133,Rio Negro,Senadores Nacionales,Senadores Nacionales Rio Negro,SN16,16,NATACHA GOMEZ
135,MOVIMIENTO AL SOCIALISMO - MAS,MOVIMIENTO AL SOCIALISMO - MAS,MAS,,MAS,1a UNIDAD DE LA IZQUIERDA,1a UNIDAD DE LA IZQUIERDA,134,134,Rio Negro,Diputados Nacionales,Diputados Nacionales Rio Negro,DN16,16,AURELIO VAZQUEZ
141,FRENTE DE IZQUIERDA Y DE TRABAJADORES - UNIDAD,FRENTE DE IZQUIERDA Y DE TRABAJADORES - UNIDAD,504,,504,unidad,unidad,140,140,Salta,Diputados Nacionales,Diputados Nacionales Salta,DN17,17,PABLO LOPEZ
148,FRENTE DE TODOS,FRENTE DE TODOS,501,,501A,TENEMOS FUTURO,TENEMOS FUTURO,147,147,Salta,Senadores Nacionales,Senadores Nacionales Salta,SN17,17,ELIA FERNANDEZ
149,FRENTE DE TODOS,FRENTE DE TODOS,501,,501B,POR TODOS ESTAMOS ACÁ,POR TODOS ESTAMOS ACÁ,148,148,Salta,Senadores Nacionales,Senadores Nacionales Salta,SN17,17,WALTER RAUL WAYAR
150,FRENTE DE TODOS,FRENTE DE TODOS,501,,501A,TENEMOS FUTURO,TENEMOS FUTURO,149,149,Salta,Diputados Nacionales,Diputados Nacionales Salta,DN17,17,DIEGO SARAVIA
151,FRENTE DE TODOS,FRENTE DE TODOS,501,,501B,"con todos, sinceramente","con todos, sinceramente",150,150,Salta,Diputados Nacionales,Diputados Nacionales Salta,DN17,17,JORGE ANTONIO GUAYMAS
152,FRENTE DE TODOS,FRENTE DE TODOS,501,,501C,por todos estamos aca,por todos estamos aca,151,151,Salta,Diputados Nacionales,Diputados Nacionales Salta,DN17,17,DIEGO ARMANDO ARROYO
143,JUNTOS POR EL CAMBIO,JUNTOS POR EL CAMBIO,503,,503,juntos por salta,juntos por salta,142,142,Salta,Senadores Nacionales,Senadores Nacionales Salta,SN17,17,JUAN CARLOS ROMERO
146,JUNTOS POR EL CAMBIO,JUNTOS POR EL CAMBIO,503,,503A,JUNTOS SOMOS EL CAMBIO,JUNTOS SOMOS EL CAMBIO,145,145,Salta,Diputados Nacionales,Diputados Nacionales Salta,DN17,17,MIGUEL NANNI
147,JUNTOS POR EL CAMBIO,JUNTOS POR EL CAMBIO,503,,503B,UN CAMBIO PARA SALTA,UN CAMBIO PARA SALTA,146,146,Salta,Diputados Nacionales,Diputados Nacionales Salta,DN17,17,JOSE ANTONIO IBARRA
145,PARTIDO CONSERVADOR POPULAR,PARTIDO CONSERVADOR POPULAR,PCP,,PCP,FRENTE NOS,FRENTE NOS,144,144,Salta,Senadores Nacionales,Senadores Nacionales Salta,SN17,17,RAFAEL ANGEL CORNEJO SOLA
142,UNIÓN POR SAlta,UNIÓN POR SAlta,502,,502,CONSENSO POR SALTA,CONSENSO POR SALTA,141,141,Salta,Senadores Nacionales,Senadores Nacionales Salta,SN17,17,GUILLERMO MARCELO LARA GROS
144,UNIÓN POR SAlta,UNIÓN POR SAlta,502,,502,CONSENSO POR SALTA,CONSENSO POR SALTA,143,143,Salta,Diputados Nacionales,Diputados Nacionales Salta,DN17,17,PABLO KOSINER
158,ALIANZA CONSENSO FEDERAL SAN JUAN,ALIANZA CONSENSO FEDERAL SAN JUAN,CF,,CF-A,concertacion,concertacion,157,157,San Juan,Diputados Nacionales,Diputados Nacionales San Juan,DN18,18,LUIS CONRADO SUAREZ JOFRE
160,ALIANZA CONSENSO FEDERAL SAN JUAN,ALIANZA CONSENSO FEDERAL SAN JUAN,CF,,CF-B,blanca unidad,blanca unidad,159,159,San Juan,Diputados Nacionales,Diputados Nacionales San Juan,DN18,18,NANCY BARBARITA AVELIN
155,ALIANZA FRENTE DE IZQUIERDA Y DE TRABAJADORES UNIDAD,ALIANZA FRENTE DE IZQUIERDA Y DE TRABAJADORES UNIDAD,133,,133,unidad,unidad,154,154,San Juan,Diputados Nacionales,Diputados Nacionales San Juan,DN18,18,MARy GARRIDO
156,ALIANZA FRENTE DE TODOS SAN JUAN,ALIANZA FRENTE DE TODOS SAN JUAN,FT,,,Celeste y Blanca,Celeste y Blanca,155,155,San Juan,Diputados Nacionales,Diputados Nacionales San Juan,DN18,18,JOSE LUIS GIOJA
157,ALIANZA JUNTOS POR EL CAMBIO SAN JUAN,ALIANZA JUNTOS POR EL CAMBIO SAN JUAN,JPC,,JPC-A,con vos,con vos,156,156,San Juan,Diputados Nacionales,Diputados Nacionales San Juan,DN18,18,MARCELO ORREGO
159,ALIANZA JUNTOS POR EL CAMBIO SAN JUAN,ALIANZA JUNTOS POR EL CAMBIO SAN JUAN,JPC,,JPC-B,defensores del cambio,defensores del cambio,158,158,San Juan,Diputados Nacionales,Diputados Nacionales San Juan,DN18,18,EDUARDO RUBEN CASTRO
154,DIGNIDAD CIUDADANA SAN JUAN,DIGNIDAD CIUDADANA SAN JUAN,DC,,DC,Al congreso con dignidad,Al congreso con dignidad,153,153,San Juan,Diputados Nacionales,Diputados Nacionales San Juan,DN18,18,GUSTAVO EMILIO FERNANDEZ
153,NUEVA DIRIGENCIA SAN JUAN,NUEVA DIRIGENCIA SAN JUAN,ND,,ND,Innovación,Innovación,152,152,San Juan,Diputados Nacionales,Diputados Nacionales San Juan,DN18,18,MARCELO TEJADA
164,frente de izquierda y de trabajadores-unidad,frente de izquierda y de trabajadores-unidad,501,,501,UNIDAD,UNIDAD,163,163,Santa Cruz,Diputados Nacionales,Diputados Nacionales Santa Cruz,DN20,20,ADA SILVIA VIVANCO
167,frente de todos,frente de todos,502,,502A,SER SANTA CRUZ,SER SANTA CRUZ,166,166,Santa Cruz,Diputados Nacionales,Diputados Nacionales Santa Cruz,DN20,20,HECTOR HORACIO DI TULIO
169,frente de todos,frente de todos,502,,502B,ACUERDO SANTACRUCEÑO,ACUERDO SANTACRUCEÑO,168,168,Santa Cruz,Diputados Nacionales,Diputados Nacionales Santa Cruz,DN20,20,PABLO GERARDO GONZALEZ
170,frente de todos,frente de todos,502,,502C,NACE UNA ESPERANZA,NACE UNA ESPERANZA,169,169,Santa Cruz,Diputados Nacionales,Diputados Nacionales Santa Cruz,DN20,20,OSCAR SANDOVAL
171,frente renovador autentico,frente renovador autentico,FRA,,FRA,consenso federal,consenso federal,170,170,Santa Cruz,Diputados Nacionales,Diputados Nacionales Santa Cruz,DN20,20,JOSE BLASSIOTTO
162,juntos por el cambio,juntos por el cambio,503,,503A,para salir adelante,para salir adelante,161,161,Santa Cruz,Diputados Nacionales,Diputados Nacionales Santa Cruz,DN20,20,OMAR ZEIDAN
163,juntos por el cambio,juntos por el cambio,503,,503B,juntos por vos,juntos por vos,162,162,Santa Cruz,Diputados Nacionales,Diputados Nacionales Santa Cruz,DN20,20,LUIS CESAR VERA
165,juntos por el cambio,juntos por el cambio,503,,503C,cambiando juntos santa cruz,cambiando juntos santa cruz,164,164,Santa Cruz,Diputados Nacionales,Diputados Nacionales Santa Cruz,DN20,20,GABRIEL DAMIAN ARIEL RUIZ
166,juntos por el cambio,juntos por el cambio,503,,503D,NUESTRA SANTA CRUZ,NUESTRA SANTA CRUZ,165,165,Santa Cruz,Diputados Nacionales,Diputados Nacionales Santa Cruz,DN20,20,ROBERTO  GIUBETICH
168,juntos por el cambio,juntos por el cambio,503,,503E,Proyecto Alternativo,Proyecto Alternativo,167,167,Santa Cruz,Diputados Nacionales,Diputados Nacionales Santa Cruz,DN20,20,JORGE FERNANDO CRUZ
161,movimiento al socialismo,movimiento al socialismo,MAS,,MAS,1A UNIDAD DE LA IZQUIERDA,1A UNIDAD DE LA IZQUIERDA,160,160,Santa Cruz,Diputados Nacionales,Diputados Nacionales Santa Cruz,DN20,20,CYNTHIA PAMELA MUÑOZ
187,alianza alternativa federal,alianza alternativa federal,506,,506,Apostando por la vida,Apostando por la vida,186,186,Santa Fe,Diputados Nacionales,Diputados Nacionales Santa Fe,DN21,21,NIDIA MARGARITA SOSA
181,alianza consenso federal,alianza consenso federal,502,,502,adelante,adelante,180,180,Santa Fe,Diputados Nacionales,Diputados Nacionales Santa Fe,DN21,21,ENRIQUE ELOY ESTEVEZ
190,alianza frente de todos,alianza frente de todos,505,,505,celeste y blanca,celeste y blanca,189,189,Santa Fe,Diputados Nacionales,Diputados Nacionales Santa Fe,DN21,21,MARCOS CLERI
173,alianza frente federal nos,alianza frente federal nos,501,,501A,PAZ Y TRABAJO,PAZ Y TRABAJO,172,172,Santa Fe,Diputados Nacionales,Diputados Nacionales Santa Fe,DN21,21,ALFONSO JUAN ALBERTO SFILIGOY
174,alianza frente federal nos,alianza frente federal nos,501,,501B,siempre celestes,siempre celestes,173,173,Santa Fe,Diputados Nacionales,Diputados Nacionales Santa Fe,DN21,21,TATA MARTINO
175,alianza frente federal nos,alianza frente federal nos,501,,501C,salvemos dos vidas,salvemos dos vidas,174,174,Santa Fe,Diputados Nacionales,Diputados Nacionales Santa Fe,DN21,21,TATI MARTINO
176,alianza frente federal nos,alianza frente federal nos,501,,501D,progreso y bienestar,progreso y bienestar,175,175,Santa Fe,Diputados Nacionales,Diputados Nacionales Santa Fe,DN21,21,RONAL ALBERTO BOZITKOVIC
177,alianza frente federal nos,alianza frente federal nos,501,,501E,FRENTE EMANCIPADOR,FRENTE EMANCIPADOR,176,176,Santa Fe,Diputados Nacionales,Diputados Nacionales Santa Fe,DN21,21,JORGE ROBERTO SALES
178,alianza frente federal nos,alianza frente federal nos,501,,501F,malvinas ARGENTINAS,malvinas ARGENTINAS,177,177,Santa Fe,Diputados Nacionales,Diputados Nacionales Santa Fe,DN21,21,NICOLAS RICARDO ROSSETTON
179,alianza frente federal nos,alianza frente federal nos,501,,501G,POR LOS ANIMALES,POR LOS ANIMALES,178,178,Santa Fe,Diputados Nacionales,Diputados Nacionales Santa Fe,DN21,21,VERONICA LYDIA LOPEZ NORDIO
192,alianza frente federal nos,alianza frente federal nos,501,,501H,SANTA FE CON VALORES,SANTA FE CON VALORES,191,191,Santa Fe,Diputados Nacionales,Diputados Nacionales Santa Fe,DN21,21,JUAN DANIEL AGUILAR
193,alianza frente federal nos,alianza frente federal nos,501,,501I,nos por la familia y la vida,nos por la familia y la vida,192,192,Santa Fe,Diputados Nacionales,Diputados Nacionales Santa Fe,DN21,21,PATRICIA MONICA SILVA
197,alianza frente federal nos,alianza frente federal nos,501,,501J,por la vida,por la vida,196,196,Santa Fe,Diputados Nacionales,Diputados Nacionales Santa Fe,DN21,21,GUSTAVO RAMON ALBIL
180,alianza juntos por el cambio,alianza juntos por el cambio,504,,504A,defensores del cambio,defensores del cambio,179,179,Santa Fe,Diputados Nacionales,Diputados Nacionales Santa Fe,DN21,21,FEDERICO ANGELINI
186,alianza juntos por el cambio,alianza juntos por el cambio,504,,504B,VAMOS JUNTOS,VAMOS JUNTOS,185,185,Santa Fe,Diputados Nacionales,Diputados Nacionales Santa Fe,DN21,21,MARTIN PABLO ROSUA
182,frente de izquierda y de trabajadores-unidad,frente de izquierda y de trabajadores-unidad,503,,503,unidad,unidad,181,181,Santa Fe,Diputados Nacionales,Diputados Nacionales Santa Fe,DN21,21,OCTAVIO CRIVARO
172,movimiento al socialismo,movimiento al socialismo,MAS,,MAS,1A Unidad de la Izquierda,1A Unidad de la Izquierda,171,171,Santa Fe,Diputados Nacionales,Diputados Nacionales Santa Fe,DN21,21,CESAR ROJAS
183,movimiento independiente renovador,movimiento independiente renovador,MIR,,MIR,1 a - desarrollo agroindustrial,1 a - desarrollo agroindustrial,182,182,Santa Fe,Diputados Nacionales,Diputados Nacionales Santa Fe,DN21,21,JUAN CARLOS BLANCO
184,partido autonomista,partido autonomista,PA,,PA-A,valores para argentina,valores para argentina,183,183,Santa Fe,Diputados Nacionales,Diputados Nacionales Santa Fe,DN21,21,DIEGO SEBASTIAN BENITEZ ARCE
185,partido autonomista,partido autonomista,PA,,PA-B,UNIDOS POR LA FE Y LA VIDA,UNIDOS POR LA FE Y LA VIDA,184,184,Santa Fe,Diputados Nacionales,Diputados Nacionales Santa Fe,DN21,21,ESTELA GLADIS LUKINI
188,partido autonomista,partido autonomista,PA,,PA-C,LEALTAD ANIMAL,LEALTAD ANIMAL,187,187,Santa Fe,Diputados Nacionales,Diputados Nacionales Santa Fe,DN21,21,RICHARD ALEGRE
189,partido autonomista,partido autonomista,PA,,PA-D,CREER PARA CRECER,CREER PARA CRECER,188,188,Santa Fe,Diputados Nacionales,Diputados Nacionales Santa Fe,DN21,21,VICTOR HUGO MAOLO
191,partido autonomista,partido autonomista,PA,,PA-E,ACCION SANTAFESINA,ACCION SANTAFESINA,190,190,Santa Fe,Diputados Nacionales,Diputados Nacionales Santa Fe,DN21,21,MIGUEL ORLANDO ZALAZAR
196,partido popular,partido popular,PP,,PP,soy pro vida,soy pro vida,195,195,Santa Fe,Diputados Nacionales,Diputados Nacionales Santa Fe,DN21,21,evangelina matilde lencina
194,partido unite por la libertad y la dignidad,partido unite por la libertad y la dignidad,ULD,,ULD,ola celeste,ola celeste,193,193,Santa Fe,Diputados Nacionales,Diputados Nacionales Santa Fe,DN21,21,GONZALO JAVIER MANSILLA
195,union celeste y blanco,union celeste y blanco,UCB,,UCB,Unidos x santa fe,Unidos x santa fe,194,194,Santa Fe,Diputados Nacionales,Diputados Nacionales Santa Fe,DN21,21,ROSANA GABRIELA DE GIUSEPPE
198,frente civico por santiago,frente civico por santiago,501,,501,TODOS POR SANTIAGO,TODOS POR SANTIAGO,197,197,Santiago del Estero,Senadores Nacionales,Senadores Nacionales Santiago del Estero,SN22,22,CLAUDIA ALEJANDRA LEDESMA
200,frente civico por santiago,frente civico por santiago,501,,501,TODOS POR SANTIAGO,TODOS POR SANTIAGO,199,199,Santiago del Estero,Diputados Nacionales,Diputados Nacionales Santiago del Estero,DN22,22,DANIEL AGUSTIN BRUE
201,frente de todos,frente de todos,502,,502,celeste y blanca,celeste y blanca,200,200,Santiago del Estero,Senadores Nacionales,Senadores Nacionales Santiago del Estero,SN22,22,GERARDO ANTENOR MONTENEGRO
202,juntos por el cambio,juntos por el cambio,503,,503,JUNTOS PODEMOS,JUNTOS PODEMOS,201,201,Santiago del Estero,Diputados Nacionales,Diputados Nacionales Santiago del Estero,DN22,22,RODRIGO POSSE
204,juntos por el cambio,juntos por el cambio,503,,503,CAMBIA SANTIAGO,CAMBIA SANTIAGO,203,203,Santiago del Estero,Senadores Nacionales,Senadores Nacionales Santiago del Estero,SN22,22,LUCIANA PATRICIA RACHED
206,juntos por el cambio,juntos por el cambio,503,,503,CAMBIA SANTIAGO,CAMBIA SANTIAGO,205,205,Santiago del Estero,Diputados Nacionales,Diputados Nacionales Santiago del Estero,DN22,22,NATALIA GABRIELA NEME
199,MOVIMIENTO LIBRES DEL SUR,MOVIMIENTO LIBRES DEL SUR,LS,,LS,libres,libres,198,198,Santiago del Estero,Senadores Nacionales,Senadores Nacionales Santiago del Estero,SN22,22,PAOLA GRIGGIO
203,movimiento socialista de los trabajadores,movimiento socialista de los trabajadores,MAS,,MAS,unidad,unidad,202,202,Santiago del Estero,Senadores Nacionales,Senadores Nacionales Santiago del Estero,SN22,22,ROXANA TREJO
205,movimiento socialista de los trabajadores,movimiento socialista de los trabajadores,MAS,,MAS,unidad,unidad,204,204,Santiago del Estero,Diputados Nacionales,Diputados Nacionales Santiago del Estero,DN22,22,ERIKA VANESA RUIZ
208,PARTIDO DIGNIDAD POPULAR,PARTIDO DIGNIDAD POPULAR,PDP,,PDP,celeste,celeste,207,207,Santiago del Estero,Senadores Nacionales,Senadores Nacionales Santiago del Estero,SN22,22,EDGARDO ATILIO MORENO
207,PARTIDO POPULAR,PARTIDO POPULAR,PP,,PP,unidos por el futuro,unidos por el futuro,206,206,Santiago del Estero,Senadores Nacionales,Senadores Nacionales Santiago del Estero,SN22,22,luis
209,PARTIDO POPULAR,PARTIDO POPULAR,PP,,PP,UNIDOS POR EL FUTURO,UNIDOS POR EL FUTURO,208,208,Santiago del Estero,Diputados Nacionales,Diputados Nacionales Santiago del Estero,DN22,22,JORGE FRANCISCO MURAD
210,UNITE! POR LA lIBERTAD Y LA dIGNIDAD,UNITE! POR LA lIBERTAD Y LA dIGNIDAD,ULD,,ULD,PRO VIDA,PRO VIDA,209,209,Santiago del Estero,Senadores Nacionales,Senadores Nacionales Santiago del Estero,SN22,22,MARIA ROSA BARBARAN VILLAVICENCIO
220,ALIANZA CONSENSO FEDERAL,ALIANZA CONSENSO FEDERAL,504,,504,alternativa tucuman,alternativa tucuman,219,219,Tucumán,Diputados Nacionales,Diputados Nacionales Tucumán,DN23,23,SILVIO CESAR BELLOMIO
222,ALIANZA CONSENSO FEDERAL,ALIANZA CONSENSO FEDERAL,504,,504,PROGRESO SOCIAL,PROGRESO SOCIAL,221,221,Tucumán,Diputados Nacionales,Diputados Nacionales Tucumán,DN23,23,ARIEL GARCIA
218,FRENTE DE IZQUIERDA Y DE TRABAJADORES - UNIDAD - FIT-U,FRENTE DE IZQUIERDA Y DE TRABAJADORES - UNIDAD - FIT-U,503,,503,Frente de izquierda y de Trabajadores-unidad,Frente de izquierda y de Trabajadores-unidad,217,217,Tucumán,Diputados Nacionales,Diputados Nacionales Tucumán,DN23,23,ARIEL OSATINSKY
215,frente de todos,frente de todos,501,,501,Celeste y Blanca,Celeste y Blanca,214,214,Tucumán,Diputados Nacionales,Diputados Nacionales Tucumán,DN23,23,MARIO ALBERTO LEITO
221,frente de todos,frente de todos,501,,501,lealtad a los principios,lealtad a los principios,220,220,Tucumán,Diputados Nacionales,Diputados Nacionales Tucumán,DN23,23,JOSE ALBERTO VITAR
217,FUERZA REPUBLICANA,FUERZA REPUBLICANA,FR,,FR,CELESTE Y BLANCA,CELESTE Y BLANCA,216,216,Tucumán,Diputados Nacionales,Diputados Nacionales Tucumán,DN23,23,RICARDO ARGENTINO BUSSI
216,JUNTOS POR EL CAMBIO EN TUCUMAN,JUNTOS POR EL CAMBIO EN TUCUMAN,502,,502,unidad por tucuman,unidad por tucuman,215,215,Tucumán,Diputados Nacionales,Diputados Nacionales Tucumán,DN23,23,DOMINGO AMAYA
219,JUNTOS POR EL CAMBIO EN TUCUMAN,JUNTOS POR EL CAMBIO EN TUCUMAN,502,,502,cambia tucuman,cambia tucuman,218,218,Tucumán,Diputados Nacionales,Diputados Nacionales Tucumán,DN23,23,MANUEL COUREL
214,MOVIMIENTO IZQUIERDA JUVENTUD DIGNIDAD,MOVIMIENTO IZQUIERDA JUVENTUD DIGNIDAD,MIJD,,MIJD,dignidad,dignidad,213,213,Tucumán,Diputados Nacionales,Diputados Nacionales Tucumán,DN23,23,LUIS ALEXIS KRAVTZOV
211,alianza frente de todos,alianza frente de todos,501,,501,celeste y blanca,celeste y blanca,210,210,Tierra del Fuego,Senadores Nacionales,Senadores Nacionales Tierra del Fuego,SN24,24,MATIAS DAVID RODRIGUEZ
213,alianza vamos todos a vivir mejor,alianza vamos todos a vivir mejor,503,,503,sigamos juntos,sigamos juntos,212,212,Tierra del Fuego,Senadores Nacionales,Senadores Nacionales Tierra del Fuego,SN24,24,FEDERICO ARMANDO RUNIN
212,partido obrero,partido obrero,PO,,PO,UNIDAD,UNIDAD,211,211,Tierra del Fuego,Senadores Nacionales,Senadores Nacionales Tierra del Fuego,SN24,24,DANIEL PATRICIO BARRIA CARABAJAL
