DISTRITO,ESTABLECIMIENTO,DOMICILIO,DESDE,HASTA,CIRCUITO
ADOLFO ALSINA,CENTRO DE FORMACIÓN PROFESIONAL N° 401,COLON 664,9001,9001,1
ADOLFO GONZALES CHAVES,INSTITUTO ELICAGARAY,J. ELICAGARAY 175,9001,9001,424
ALBERTI,ESCUELA ESPECIAL 2,L N ALEM NRO 179 E SAN MARTIN Y ALBERTI,9001,9001,10
ALMIRANTE BROWN,ESCUELA ES N°69,CORDERO 641,9001,9002,17
ALMIRANTE BROWN,CENTRO DE FORM.LABORAL N°1,EREZCANO 1262,9003,9005,18
ALMIRANTE BROWN,ESCUELA DE ADULTOS N° 705,FIGUEROA 781,9006,9009,19
ALMIRANTE BROWN,ESCUELA EP N°65,26 MZ. 7 S/N E/ 9 Y 7,9010,9013,19
ALMIRANTE BROWN,ESCUELA ES N°43,BERMUDEZ N° 970,9014,9016,20
ALMIRANTE BROWN,COLEGIO SUPERIOR VICTORIA,JULIAN ALVAREZ 292,9017,9023,22
ALMIRANTE BROWN,INSTITUTO M. DEF. DE GLEW,SASTRE N° 837,9024,9027,22
ALMIRANTE BROWN,ESCUELA ES N°8,SALABERRY 345,9028,9032,0018A
ALMIRANTE BROWN,JARDIN DE INFANTES N°907,PTE. PERON 351,9033,9035,20
ALMIRANTE BROWN,ESCUELA ES N°52,P. DE MICHELIS 907,9036,9038,0021A
ALMIRANTE BROWN,INSTITUTO DON ORIONE,VENANCIO FLORES 4298,9039,9041,0022A
ALMIRANTE BROWN,ESCUELA ES N°19,2 DE ABRIL N° 3196,9042,9043,19
ARRECIFES,ESCUELA  ES. N° 2,URQUIZA 612,9001,9001,117
AVELLANEDA,INSTITUTO MUNIC. DE TAETRO AVELLAN,ALSINA N° 157,9001,9002,23
AVELLANEDA,ESCUELA EP N°11,CHACABUCO 771,9003,9004,24
AVELLANEDA,JARDIN DE INFANTES DON ORIONE,ESTEVEZ 688,9005,9006,25
AVELLANEDA,JARDIN DE INFANTES MUNICIPAL N°25,M. ESTEVEZ 1120,9007,9007,26
AVELLANEDA,JARDIN DE INFANTES N°905,ELIZALDE 12,9008,9010,27
AVELLANEDA,INSTITUTO MODELO DEL SUR,PALAA 530,9011,9012,23
AVELLANEDA,JARDIN DE INFANTES N°909,MEJICO 862,9013,9014,33
AVELLANEDA,JARDIN DE INFANTES MUNICIPAL N°18,LIMAY 1605,9015,9016,34
AVELLANEDA,ESCUELA ES N°12,PITAGORAS 1450,9017,9024,38
AVELLANEDA,CTRO.EDUC.COMPLEMENTARIO N°123,OYUELA 1975,9025,9028,39
AVELLANEDA,JARDIN DE INFANTES N°929,LA BLANQUEADA 4434,9029,9031,39
AVELLANEDA,ESCUELA ES N°8,RONDEAU 1910,9032,9039,40
AYACUCHO,ESCUELA EP N°4/ES N°8,AV. SOLANET N° 1303,9001,9001,46
AZUL,ESCUELA EST N°2,COLON 520,9001,9001,60
BAHIA BLANCA,INSTITUTO SUP.FORMAC.D.Y T.P.GOYENA,COLON 446,9001,9009,73
BAHIA BLANCA,COLEGIO JOSE DE SAN MARTIN,SAAVEDRA 750,9010,9014,72
BAHIA BLANCA,CENTRO DE FORMACIÓN PROFESIONAL N° 402,NECOCHEA 1015,9015,9015,76
BAHIA BLANCA,ESCUELA ES N°4,PRINGLES 99,9016,9016,80
BAHIA BLANCA,CENTRO DE FORMACIÓN PROFESIONAL N° 404,DEAN FUNES 280,9017,9017,88
BAHIA BLANCA,ESCUELA EP N°21,BRIHUEGA 3900,9018,9018,92
BALCARCE,JARDIN DE INFANTES N° 917,43 NRO 1300 E 48 Y 46,9001,9001,98
BARADERO,ESCUELA  EP N°16/ES N°6,RENE SIMON2942,9001,9001,105
BENITO JUAREZ,ESCUELA EP N°3,CATAMARCA 300,9001,9001,436
BERAZATEGUI,JARDIN DE INFANTES N°943,129 A N° 311,9001,9005,789
BERAZATEGUI,JARDIN DE INFANTES N°927,132 N° 2833,9006,9007,790
BERAZATEGUI,ESCUELA ES N°3,61 N° 5756,9008,9008,792
BERAZATEGUI,ESCUELA EDUC.ESPECIAL N°503,19 E/102 Y 104 S/N,9009,9010,0789A
BERAZATEGUI,INSTITUTO SANTA CECILIA,21 N° 3740,9011,9014,0789F
BERAZATEGUI,ESCUELA CRISTIANA,BELGRANO N° 4644,9015,9018,0789C
BERAZATEGUI,CENTRO DE FORMACIÓN PROFESIONAL N° 403,31 N° 4292,9019,9020,0789E
BERAZATEGUI,ESCUELA EP N°10,CNO. GRAL. BELGRANO 4458,9021,9021,0790A
BERAZATEGUI,ESCUELA EP N°28,75 S/N E/119 Y CNO. GRAL. BELGRANO,9022,9022,0792A
BERAZATEGUI,ESCUELA PRIMARIA COOP.DEL SUR,522 N° 1930,9023,9024,0792B
BERAZATEGUI,INSTITUTO M.MORENO,56 N° 4870,9025,9026,792
BERAZATEGUI,ESCUELA EP N°17,153 N° 2811,9027,9027,0792D
BERISSO,MARTIN FIERRO,165 E/ 37 Y 38,9001,9001,511
BERISSO,PADRE CARLOS CAJADE,154 E/ 13 Y 14,9002,9003,513
BERISSO,EES N°11,151 E/ 8 Y 9,9004,9007,513
BOLIVAR,ESCUELA EST N°1,CENTENARIO Y PROF. CASTELLA,9001,9001,125
BRAGADO,ESCUELA EP. 35/ES NRO 9,BAIGORRIA N° 550 E AZURDUY Y AVELLANEDA,9001,9001,136
BRANDSEN,UNION VECINAL Y FOMENTO GOMEZ,TRUCCO Y A. GAGGIO  ,9001,9002,151
CAMPANA,ESCUELA EP N°9/ES N°23,BERUTTI 75 E/COSTA Y DELLEPIANE,9001,9004,155
CAÑUELAS,JARDIN DE INFANTES SAGRADA FAMILIA,BASAVILBASO N° 331,9001,9002,157
CAÑUELAS,ESCUELA ES N°1 ,SAN MARTIN E/ PEREDA Y BELGRANO,9003,9003,0158A
CAPITAN SARMIENTO,ESCUELA  EP. N° 11,SARMIENTO N° 605,9001,9001,121
CARLOS CASARES,MUNICIPALIDAD CARLOS CASARES,MONSEÑOR DE ANDREA N°25,9001,9001,164
CARLOS TEJEDOR,INTEDENCIA MUNICIPAL,A.H. ALMIRON 301,9001,9001,169
CARMEN DE ARECO,MUNICIPALIDAD DE CARMEN DE ARECO,MORENO 541,9001,9001,175
CASTELLI,MUNICIPALIDAD,AV 25 DE MAYO N° 205 E SAN MARTIN Y SARM,9001,9001,185
CHACABUCO,ESCUELA EP N°50,BUENOS AIRES 479,9001,9002,189
CHASCOMUS,ESCUELA EP. N° 3,SAN LORENZO Y JULIAN QUINTANA,9001,9001,201
CHIVILCOY,MUNICIPALIDAD CHIVILCOY,25 DE MAYO N°27,9001,9002,211
COLON,MUNICIPALIDAD DE COLON,51 N°800,9001,9001,230
CORONEL DORREGO,ESCUELA EP N°7,SARMIENTO N° 169,9001,9001,232
CORONEL PRINGLES,CENTRO DE FORMACIÓN PROFESIONAL N° 401,RIVADAVIA 405,9001,9001,240
CORONEL ROSALES,ESCUELA EP N°23/ES N°9,PASO 702,9001,9001,248
CORONEL SUAREZ,MUNICIPALIDAD CNEL.SUAREZ,ALSINA N° 150,9001,9001,252
DAIREAUX,ESCUELA EP N°1,PELLEGRINI 360,9001,9001,179
DEL PILAR,COLEGIO NTRA. SRA.DE LUJAN,MARIA CABEZAS 1143,9001,9009,0768A
DEL PILAR,ESCUELA ES N°2,H.YRIGOYEN 775,9010,9024,0770D
DEL PILAR,INSTITUTO M. BELGRANO- EP,DORREGO 942,9025,9027,0770E
DOLORES,MUNICIPALIDAD,CASTELLI NRO 31 E SAN MARTIN Y BELGRANO,9001,9001,282
ENSENADA,CENTRO DE FORMACIÓN PROFESIONAL N° 404,CAMINO RIVADAVIA E/ 127 Y 128,9001,9002,490
ENSENADA,CTRO EDUC COMPLEMENTARIO 801,ECUADOR Y SAN MARTIN,9003,9004,491
ENSENADA,ESCUELA EP. 6 A,AV. ALTE BROWN Y COLUMNA N° 196,9005,9005,0491A
ESCOBAR,ESCUELA ES N°3,SOBERANIA NACIONAL N° 1184 E/ PARAVI Y RAMON CASTILLO,9001,9005,774
ESCOBAR,ESCUELA ES N°6,TAPIA CRUZ N° 1956 E/ M. CANE Y GILBON,9006,9009,774
ESCOBAR,ESCUELA EP N°34,COLOMBRES 385 E/ E. LAMARCA Y VICTOR SERRA,9010,9011,775
ESCOBAR,ESCUELA ES N°8,SALTA 891 E/ ISLAS MALVINAS Y EVA PERON,9012,9017,0773A
ESTEBAN ECHEVERRIA,JARDIN DE INFANTES 929,BENAVIDEZ N° 3701,9001,9003,0288B
ESTEBAN ECHEVERRIA,INSTITUTO J HAITI,AMEGHINO N° 537,9004,9006,288
ESTEBAN ECHEVERRIA,ESCUELA EP N°1/ES N°1,SOFIA TD. SANTAMARINA N° 554,9007,9012,288
ESTEBAN ECHEVERRIA,ESCUELA EDUC. ESPECIAL 504,INSUA N° 3120,9013,9016,0286A
ESTEBAN ECHEVERRIA,JARDIN DE INFANTES NRO 924,PLAZA HUINCUL N° 2069,9017,9019,0286A
ESTEBAN ECHEVERRIA,JARDIN DE INFANTES 928,AV. DE MAYO N° 1895,9020,9021,0286A
ESTEBAN ECHEVERRIA,JARDIN DE INFANTES 927,COLONIA MONTEGRANDE N° 4980,9022,9025,0286A
ESTEBAN ECHEVERRIA,JARDIN DE INFANTES 917,SAAVEDRA N° 4380,9026,9027,0287A
ESTEBAN ECHEVERRIA,COLEGIO GRILLI CANNING,BOULEVARD DUPUY N° 4600 ,9028,9028,0287B
ESTEBAN ECHEVERRIA,ESCUELA ES N°22,BARRACAS N° 1570,9029,9031,0287C
ESTEBAN ECHEVERRIA,INSTITUTO J HAITI,AMEGHINO N° 537,9032,9034,288
ESTEBAN ECHEVERRIA,JARDIN DE INFANTES N°904,ESQUIU E/ ALSINA E ING. QUEIREL,9035,9037,0288A
ESTEBAN ECHEVERRIA,ESCUELA EP. 31 / ES NRO 30,SALTA N° 1099 ,9038,9042,288
ESTEBAN ECHEVERRIA,JARDIN DE INFANTES N° 915,LUCIO LOPEZ 1297,9043,9044,0291A
EXALTACION DE LA CRUZ,ESCUELA  EDUCACION ESP. N° 501,PADRE FAHY 445,9001,9003,292
EZEIZA,INSTITUTO AMANECER,DONATO ALVAREZ 817,9001,9007,289
EZEIZA,SECRETARIA DE ACCION SOCIAL,ZAPALA N° 480,9008,9012,290
EZEIZA,ESCUELA EP N°12/ES N°13,CARLOS TEJEDIOR 444,9013,9017,290
FLORENCIO VARELA,ESCUELA ES N°25,37 N°758,9001,9006,302
FLORENCIO VARELA,ESCUELA EST N°4,H. YRIGOYEN 95,9007,9013,302
FLORENCIO VARELA,ESCUELA EP N°8/ES N°15,RUTA 53 KM.14680,9014,9014,303
FLORENCIO VARELA,ESCUELA ES N°5,AV. NOVAK N° 1124,9015,9020,0302A
FLORENCIO VARELA,COLEGIO PADRE F.M. MENNEL (EP/ES),MILAN Y DINAMARCA,9021,9022,0302B
FLORENCIO VARELA,INSTITUTO AYELEN,AV. BOSQUES N° 2798,9023,9026,0302C
FLORENCIO VARELA,ESCUELA  EP. N° 502,PABLO PODESTA 1347,9027,9031,0302E
FLORENCIO VARELA,ESCUELA  EP N°36/ES N°60,1423 N°1613,9032,9032,0302F
FLORENCIO VARELA,ESCUELA  EP N°64,1201 N° 4435,9033,9037,0303B
FLORENTINO AMEGHINO,ESCUELA EP N°1,9 N°609,9001,9001,361
GENERAL ALVARADO,ESCUELA EP. N° 11 /ES N° 55,44 ESQ. 57,9001,9002,305
GENERAL ALVEAR,ESCUELA ES N°1,ITALIA 338,9001,9001,310
GENERAL ARENALES,ESCUELA EP N°1,9 DE JULIO N°14,9001,9001,314
GENERAL BELGRANO,MUNICIPALIDAD,J E DE LA FUENTE 826 E MORENO Y PASO,9001,9001,320
GENERAL GUIDO,ESCUELA EP. NRO 16,RIVADAVIA NRO 42 ,9001,9001,326
GENERAL LA MADRID,ESCUELA EP N°7,J.B.ALBERDI 811,9001,9001,330
GENERAL LAS HERAS,ESCUELA EST N° 1,NEUQUEN 33 E/ LAS HERAS Y CASEY,9001,9001,547
GENERAL LAVALLE,ESCUELA ES NRO 1,SAN MARTIN 1175 E LOPEZ DE ARMENTIA,9001,9001,338
GENERAL MADARIAGA,ESCUELA ESTATAL NRO 1 / ES NRO 5,AV. BUENOS AIRES 648 E URRUTIA Y SUBIAUR,9001,9001,340
GENERAL PAZ,ESCUELA EP. NRO 1,SARMIENTO N° 3023 E SAENZ PEÑA Y RANCHOS,9001,9001,345
GENERAL PINTO,ESCUELA ES N°4,AVENIDA MITRE N° 115,9001,9001,354
GENERAL PUEYRREDON,ESCUELA ES NRO 17,PERALTA RAMOS 675,9001,9008,364
GENERAL PUEYRREDON,ASOCIACION VECINAL DE FOMENTO,PRIMERA JUNTA NRO 6521 E BORDAVERE Y TRES ARROYOS,9009,9013,365
GENERAL PUEYRREDON,MUNICIPALIDAD,LA RIOJA 1650 E LURO Y SAN MARTIN,9014,9017,366
GENERAL PUEYRREDON,CLUB GRAL PUEYRREDON SA,HIPOLITO YRIGOYEN NRO 1569 E LURO Y 25 D,9018,9021,367
GENERAL PUEYRREDON,SOCIEDAD DE FOMENTO M ESTRADA,GORRITI 1854,9022,9023,365
GENERAL PUEYRREDON,JARDIN DE INFANTES MUNICIPAL 7,ARGENTINA Y ADOLFO,9024,9025,369
GENERAL PUEYRREDON,ESCUELA ES NRO 79,MAGNASCO NRO 566 E MAGALLANES Y AYOLAS,9026,9029,364
GENERAL PUEYRREDON,INSTITUTO SUB DOCENT P DE ANCHORENA,RODRIGUEZ PEÑA 4856 E FRANCIA Y DON BOSC,9030,9032,0366A
GENERAL RODRIGUEZ,ESCUELA EP N°11,AYUB KHAN Y MANUELA GOMEZ Y BARRIO PARQUE YRIGOYEN,9001,9008,374
GENERAL SAN MARTIN,INSTITUTO SUP.FORM.DTE. N°113,COCHABAMBA 2300,9001,9005,376
GENERAL SAN MARTIN,CLUB SOCIAL Y DEPORTIVO LAS HERAS,LIBERTAD 5052 E/ GRAL PAZ Y LAVALLE,9006,9008,377
GENERAL SAN MARTIN,CLUB DEPORTIVO SAN ANDRES,INT. CASARES 2845 E/ ALEM Y MARENGO,9009,9011,378
GENERAL SAN MARTIN,CLUB FLECHA DEL PLATA,SANTA ROSALIA N° 1465 E/ MERCEDES Y DORREGO,9012,9015,378
GENERAL SAN MARTIN,ESCUELA DE ARTES VISUALES A.BERNI,TUCUMAN 130 E/ RIVADAVIA Y PUEYRREDON,9016,9018,376
GENERAL SAN MARTIN,COLEGIO INMACULADA CONCEPCION,RIVADAVIA 7201 E/ MARQUEZ Y ELFLEIN,9019,9025,381
GENERAL SAN MARTIN,C.R.E.I.,BOLIVIA N° 4336 E/ ODONELL Y LA PAZ,9026,9027,383
GENERAL SAN MARTIN,ESCUELA ES N°29,MISIONES N° 3680 E/ LARRALDE Y JUJUY,9028,9028,383
GENERAL SAN MARTIN,JARDIN DE INFANTES N°916,BELGRANO N° 5460 E/ CUBA Y CASEROS,9029,9030,384
GENERAL SAN MARTIN,INSTITUTO SAN ANTONIO DE PADUA,CALLE 71 N° 7201 ,9031,9035,381
GENERAL SAN MARTIN,COLEGIO INMACULADA CONCEPCION,RIVADAVIA 7201 E/ MARQUEZ Y ELFLEIN,9036,9040,381
GENERAL SAN MARTIN,JARDIN DE INFANTES N°902,CAPDEVILA N° 5905 E/ SIMON Y CABRAL,9041,9047,0377A
GENERAL VIAMONTE,ESCUELA EST N°1,AV. SAN MARTIN N° 1655,9001,9001,404
GENERAL VILLEGAS,MUNICIPALIDAD DE GRAL. VILLEGA,PRINGLES 351,9001,9001,411
GUAMINI,ESCUELA EP N°31/ES N°6,CNO.CIRCUNVALAC.J.D.PERON. CASBAS,9001,9001,431
HIPOLITO YRIGOYEN,MUNICIPALIDAD H. IRIGOYEN,MORENO 443,9001,9001,742
HURLINGHAM,ESCUELA EP. NRO 30,ANDONAEGUI 2295 ENTRE TORELLO Y ASAMBLEA,9001,9009,0668A
HURLINGHAM,COLEGIO CARDENAL STEPINAC,P. DIAZ NRO 2000 ENTRE LOS TRONCOS Y HAY,9010,9014,0668B
ITUZAINGO,INSTITUTO GRAL SAN MARTIN EP,DEL SALVADOR NRO 1136 E/ MONROE Y HOLANDA,9001,9006,666
ITUZAINGO,ESCUELA ESP NRO 501,HAITI 1368 ENTRE THORNE Y EUROPA,9007,9011,667
JOSE C. PAZ,ESCUELA EP. NRO 19,COLON 4209 ENTRE DEFENSA Y EL MAESTRO,9001,9010,398
JOSE C. PAZ,ESCUELA ESPECIAL NRO 10,M CANE Y CHILE 2000 E/ R. S. PEÑA Y GELLY OBES,9011,9020,398
JUNIN,ESCUELA ES N°7,INT. BORCHEX 119,9001,9001,444
LA MATANZA,ESCUELA  EP N°153/ES N°174,BOUCHARD N° 2475,9001,9007,626
LA MATANZA,JARDIN DE INFANTES MUN.N 19,RAMON FALCON 3460,9008,9011,626
LA MATANZA,INSTITUTO MIGUEL CANE,JUJUY 3291 E MENDOZA Y PERU,9012,9017,628
LA MATANZA,JARDIN DE INFANTES MUN 8,PARIS 1519,9018,9021,629
LA MATANZA,ANEXO 1 ESCUELA ES 5,MIGUEL CANE N° 2991,9022,9026,626
LA MATANZA,ESCUELA EST 5,PERIBEBUY NRO 2751 E SARANDI Y JUJUY,9027,9032,0632B
LA MATANZA,ESCUELA ES. N° 94,GUALEGUAYCHU 568 E /DONOVAN Y LOS NOGALES VILLA CELINA ,9033,9036,633
LA MATANZA,ESCUELA ES 4,CURAPALIGUE 1354 E ALTOLAGUIRRE Y JUNCAL TAPIALES,9037,9050,633
LA MATANZA,ESCUELA EP. 212,ESPAÑA NRO 1134 E THOMPSON Y DOMINGUEZ VILLA MADERO,9051,9061,633
LA MATANZA,ESCUELA ES 10,UGARTE 904 E SAN MARTIN Y OLAVARRIA,9062,9068,633
LA MATANZA,ESCUELA ES 115,"OLIVIERI 4126 E RECUERO Y SEQUEIRA , RAFAEL CASTILLO",9069,9078,635
LA MATANZA,COLEGIO PRIVADO G. DE LAFERRERE,J. M. DE ROSAS 11455 E/ SALVIGNY Y SANTA CATALINA G. DE LA FERRERE,9079,9085,635
LA MATANZA,ESCUELA ESB. N° 2,ILLIA 4238 E GUATEMALA Y CENTENERA SAN JUSTO,9086,9090,0626A
LA MATANZA,INSTITUTO M DE GUEMES,"POLLEDO 410/412 E AMABAY Y ALMEIRA, ALMEIRA",9091,9096,0629A
LA MATANZA,ESCUELA ES 37,"JUAN JOFRE 3267 E LLERENA Y LUJAN , ISIDRO CASANOVA",9097,9103,0629A
LA MATANZA,ESCUELA ES 40,"EL BENTEVEO 450 E EL TALA Y LA PEPERINA , C. EVITA",9104,9116,0631A
LA MATANZA,ESCUELA EST 2,"AV. R RODRIGUEZ 3850 E EL RUISEÑOR Y RODRIGUEZ, C. EVITA",9117,9123,0631B
LA MATANZA,CENTRO FORMACIÓN LABORAL 2,PUERTO ARGENTNO Y MACHAIN G. CATAN  B. EL CARMEN,9124,9133,0635A
LA MATANZA,ESCUELA ESB 50,"JB BUSTOS 4191 E VALLE Y LARRE, G. CATAN",9134,9136,0635A
LA MATANZA,INSTITUTO SUPERIOR DE FORM TEC 206,V MARTINEZ E/ SANTA ROSA Y CNEL. MONTT. G. LAFERRERE,9137,9146,0635B
LA MATANZA,ESCUELA EP. 185,RAULIES 7380 E/ SAENZ Y GOMEZ LAFERRERE,9147,9154,0635B
LA MATANZA,ESCUELA ES 111,"BALBOA N° 7064 E SAENZ Y ZELADA , G. CATAN",9155,9164,0635C
LA MATANZA,ESCUELA ES 174,"CONCORDIA 3330 E MARTIN GARCIA Y BUERAS , V. DEL PINO",9165,9169,0635E
LA MATANZA,ESCUELA ES 82,"EL DORADO 1199 E JULIO VERNE Y PARNASO, V. DEL PINO",9170,9178,0635E
LA PLATA,I.O.M.A,46 N° 886,9001,9002,466
LA PLATA,ESCUELA DE ESTETICA N° 1,45 N° 743,9003,9005,467
LA PLATA,ESCUELA EST N°1,AV.7 N° 40,9006,9006,475
LA PLATA,ESCUELA ES N°21,36 N° 382,9007,9007,476
LA PLATA,INSTITUTO MARIA AUXILIADORA,54 N° 896,9008,9009,481
LA PLATA,ASOCIACION CULTURAL Y DEP.UNIVERSAL,25 N° 1226/32 E/ 57 Y 58,9010,9011,495
LA PLATA,SECUNDARIA 71,116  2450 E/ 82,9012,9014,496
LA PLATA,ESCUELA EST N°3,63 ESQ.139,9015,9015,497
LA PLATA,ESCUELA ES N°61,52 N° 7040 E/ 235 Y 238 ETCHEVERRY,9016,9017,498
LA PLATA,ESCUELA ESPECIAL N 538,526 E/ 24 Y 25,9018,9022,501
LA PLATA,JARDIN DE INFANTES N°906,115 BIS ESQ.530,9023,9026,502
LA PLATA,COLEGIO PATRIS,"146 E/446 Y ARROYO CARNAVAL , C. BELL",9027,9027,503
LA PLATA,JARDIN DE INFANTES N°913,28 N° 480 E/471 Y 472 C.BELL,9028,9029,504
LA PLATA,ESCUELA ES N°28 ANEXO,7 E/423 Y 423 BIS N°351,9030,9030,505
LA PLATA,"SAN CARLOS,CENTYRO COMUNAL DELEGACION",137 N°19 ESQ. 32,9031,9032,508
LA PLATA,JARDIN DE INFANTES 978 - ANTONIO BERNI,178 E/ 517 Y 518,9033,9036,508
LA PLATA,UNION VECINAL UNIDOS DE OLMOS,44 E/ 183 Y 184,9037,9040,508
LA PLATA,JUAN BAUTISTA AMBROCETTI,492 Y 186,9041,9044,508
LA PLATA,COLEGIO SAN AGUSTIN  EP,"210 E/515 Y 515 BIS, ABASTO",9045,9048,509
LA PLATA,ESCUELA ES N°66,116 N° 1727 E/ 68 Y 69,9049,9050,520
LA PLATA,ESCUELA EP N°45,68 N° 200,9051,9052,520
LA PLATA,SECUNDARIA 71,116  2450 E/ 82,9053,9054,496
LA PLATA,CAMPING SAGRADO CORAZON - EP 23,610 ESQ. 13,9055,9060,0496B
LA PLATA,COLEGIO STA. MARIA DE LOS ANGE,81 E/8 BIS Y 9,9061,9063,0496C
LA PLATA,DELEG.MUNICIPAL SAN LORENZO,25 E/75 Y 76,9064,9065,0496D
LA PLATA,CAMPING SAGRADO CORAZON - EP 23,610 ESQ. 13,9066,9066,0496B
LA PLATA,UNION VECINAL UNIDOS DE OLMOS,44 E/ 183 Y 184,9067,9067,508
LA PLATA,CENTRO COMUNAL LOS HORNOS,137 1567 E/ 64 Y 65,9068,9069,497
LA PLATA,UMUPLA,60 N° 2664 E/ 148 Y 149,9070,9071,0497C
LA PLATA,CLUB DE LOS ABUELOS DE LOS HORNOS,145 N° 1426 E/ 61 Y 62,9072,9072,0497D
LA PLATA,JARDIN DE INFANTES GARABATO,"66 N° 3086 E/ 156 Y 157, LOS HORNOS",9073,9074,0497E
LA PLATA,SECUNDARIA 91,52 E/ 203 Y 208 LISANDRO OLMOS,9075,9076,0497F
LA PLATA,COLEGIO SANTA ANA,511 E/26 Y 27,9077,9079,0503A
LA PLATA,CENTRO DE ADULTOS N°726,132 BIS  E/484 Y 485,9080,9081,0504A
LA PLATA,COLEGIO DIVINA PROVIDENCIA,"27 E/419 Y 420, VILLA ELISA",9082,9083,0505A
LA PLATA,ESCUELA EP N°77/ES N°60,RUTA  6 y RUTA 53.,9084,9086,0505B
LANUS,COLEGIO LA ASUNCION,BURELA 1111 E SARMIENTO Y FRANCE,9001,9001,259
LANUS,ESCUELA EST 1,BURELA 2230 E GRAL MADARIAGA Y JUSTO,9002,9004,260
LANUS,INSTITUTO ESC DE ENF DE CRUZ ROJA,"EVA PERON NRO 2502 E VILLA LUJAN Y  DEHEZA, LANUS ESTE",9005,9008,261
LANUS,INSTITUTO CLUB ATLETICO LANUS,ARIAS N° 2001 E MADARIAGA Y ESQUIU,9009,9016,263
LANUS,CLUB 1° DE MAYO,"MANUEL CASTRO 2662 E BALCARCE Y VERNET, R. DE ESCALADA",9017,9017,264
LANUS,INSTITUTO MAGDALENA ABRAIN,YERBAL N° 3026 ,9018,9020,274
LANUS,ESCUELA EP. 21,COLOMBIA 1153 E SGO DEL ESTERO Y LAGOS,9021,9022,271
LANUS,ESCUELA EST 7,RIVADAVIA 145 E PARAGUAY Y GUATEMALA,9023,9025,272
LANUS,ESCUELA HOGAR SAGRADO CORAZON,HUMAHUACA 2456 E VIAMONTE Y PEDRAZA,9026,9033,273
LANUS,ESCUELA ES 38,PILCOMAYO 2563 E PEDRAZA Y WARNER,9034,9038,274
LANUS,INSTITUTO MAGDALENA ABRAIN,YERBAL N° 3026 ,9039,9041,274
LANUS,ESCUELA ES NRO 47,SAN MARTIN E SEGUI Y SAYOS,9042,9044,276
LAPRIDA,MUNICIPALIDAD,AV.SAN MARTIN N° 1160,9001,9001,524
LAS FLORES,ESCUELA ES N°1,AV. CARMEN N° 766,9001,9001,538
LEANDRO N. ALEM,ESCUELA EP N°1,AV. SOLARI N° 350,9001,9001,549
LEZAMA,ESCUEL EP. N° 1,AV. SAN MARTIN N° 401,9001,9001,0207L
LINCOLN,ESCUELA EP. N° 2,ALEM N° 1160,9001,9001,554
LOBERIA,ESCUELA ES N°2,BARREIRA N°50,9001,9001,568
LOBOS,ESCUELA EP. 19,E CASTRO NRO 1200 E 124 Y 126,9001,9001,575
LOMAS DE ZAMORA,ESCUELA EP N°16,DOCTOR ELIZALDE 3971 E/ OLIMPO Y PARDO,9001,9015,583
LOMAS DE ZAMORA,ESCUELA EST N°9,SOLDADO RODRIGUEZ N° 1300 E/ MAGALDI Y ROSAS,9016,9030,583
LOMAS DE ZAMORA,ESCUELA EP N°92,M. PEDRAZA Y SOLD. BRITO 1451,9031,9040,583
LOMAS DE ZAMORA,ESCUELA ES N°12,LARROQUE 150 E ACEVEDO Y ALEM,9041,9045,584
LOMAS DE ZAMORA,INST.NTRA.SRA.DE LUJAN,CASTELI 99 E/ ESTRADA Y AV. SANTA FE,9046,9049,586
LOMAS DE ZAMORA,ESCUELA EP 21 - JUSTO JOSE DE URQUIZA,J.M. PENNA 99 E/ LAPRIDA Y BOEDO,9050,9058,586
LOMAS DE ZAMORA,ESCUELA DE DANZAS TRADICIONALES,AV. H. YRIGOYEN N° 10335 E/ GRAL PAZ Y PJE. VICTORIA,9059,9063,590
LOMAS DE ZAMORA,CLUB COLON,"COLON 865 ESQ,. AV. EVA PERON",9064,9066,590
LOMAS DE ZAMORA,COLEGIO MARIA MONTESSORI,SEGUROLA N° 935 E/SANTA ROSA Y SANTA TERESA TURDERA,9067,9067,592
LOMAS DE ZAMORA,COLEGIO NTRA. SRA. DEL ROSARIO,SEGUI N° 339 E/ HERNANDEZ Y UCRANIA LAVALLOL,9068,9070,593
LOMAS DE ZAMORA,ESCUELA EP. 44 /ES NRO 53,ISLANDIA 600 E MORAZAN Y FILARDI,9071,9080,583
LOMAS DE ZAMORA,ESCUELA EP N°92,M. PEDRAZA Y SOLD. BRITO 1451,9081,9082,583
LUJAN,MUNICIPALIDAD DE LUJAN,SAN MARTIN 550 ENTRE COLON Y MORENO,9001,9003,596
MAGDALENA,ESCUELA EST N°1,BRENAN 1511,9001,9001,606
MAIPU,ESCUELA EP N°1/ES N°1,MADERO 455,9001,9001,615
MALVINAS ARGENTINAS,COLEGIO JOSE INGENIEROS,SAN LORENZO 1146 E STOPPLER Y SOLER,9001,9004,399
MALVINAS ARGENTINAS,JARDIN DE INFANTES N° 904,GUAYAQUIL 373 E CANGALLO Y PABLO  NOGUEZ,9005,9007,0399A
MALVINAS ARGENTINAS,ESCUELA ESPECIAL 19,LOS CALDENES 1299 E JUJUY Y MISIONES,9008,9010,0399B
MALVINAS ARGENTINAS,COLEGIO SEÑOR DE MAILING,SAN PEDRO N° 465 E MALABIA Y RAWSON,9011,9012,0399D
MALVINAS ARGENTINAS,JARDIN DE INFANTES NRO 905,CONGRESALES 1386 E RAMOS MEJIA Y MIRALLA,9013,9017,0399F
MAR CHIQUITA,MUNICIPALIDAD MAR CHIQUITA,DR. J.M. BELTRAMI 50,9001,9001,0622A
MARCOS PAZ,JARDIN DE INFANTES 902,VIEYTES 2295 E JOSE C PAZ Y AGUERO,9001,9004,624
MERCEDES,ESCUELA SECUNDARIA,29 NRO 874 E 38 Y 36,9001,9001,638
MERLO,ESCUELA ESPECIAL 1/ ES NRO 25,MAESTRA GONZALEZ 7,9001,9015,652
MERLO,ESCUELA EST NRO 5,MALVINAS NRO 1715,9016,9023,653
MERLO,ESCUELA EP N°70/ESB N°60,MUÑIZ 1709 E/ COLASTINE Y AZURDUY,9024,9028,654
MERLO,ITUZAINGO GOLF CLUB,VICENTE GERDE N° 97 E/ ACEVEDO Y SULIVAN,9029,9030,655
MERLO,CLUB SAN ANTONIO DE PADUA,INDEPENDENCIA 725,9031,9031,655
MERLO,ESCUELA EP N°79,GARCIA VELLOSO 600-698 E/ QUESADA Y BUSTAMANTE,9032,9037,0655A
MONTE,CENTRO EDUCACION COMPLEMENTARIA N°801,RIO PARANA Y COLORADOS DEL MONTE,9001,9001,656
MORENO,COLEGIO SAN JUAN BAUTISTA,PADRE VARUELLO 1718 E/NECOCHEA Y J. BAUTISTA,9001,9010,663
MORENO,ESCUELA EP N°4,ALEM N° 410 E/ ITUZAINGO Y ASEFF,9011,9020,663
MORENO,ESCUELA EP N°12/ES N°45,MANUEL DE FALLA 1400 E/ FURNIER Y RAMALLO,9021,9023,664
MORENO,ESCUELA ES N°31,LOBOS 870 E/ DEL CARRIL Y PIO XII,9024,9036,0663A
MORENO,ESCUELA ES N°5,SAN FERNANDO 8802 E/ RICHIERI Y L.TEJADA,9037,9043,0663D
MORENO,INSTITUTO SEMINARIO FRANCISCANO,BELISARIO ROLDAN N°2616,9044,9045,0664A
MORON,MUNICIPALIDAD MORON,ALMIRANTE BROWN N° 946,9001,9008,665
MORON,INSTITUTO DIOC.PROF.MÑOR.RASPANTI,RASPANTI 8 E/ MAIPU Y CHACABUCO,9009,9011,669
MORON,ESCUELA EP N°11,CRAMER 740 E/ PORTELAY Y BALLESTEROS,9012,9012,670
MORON,ESCUELA ESPECIAL MI FUTURO,AÑO 1852 N° 1007 E/JULIO LOPEZ Y CAROSELLA,9013,9017,671
MORON,INSTITUTO BARRIO MARINA,PALMERO 3878 E/ ISABEL DE PARDO Y PIOVANO,9018,9023,673
NAVARRO,MUNICIPALIDAD NAVARRO,107 N° 80,9001,9001,675
NECOCHEA,MUNICIPALIDAD NECOCHEA,56 N°2951,9001,9003,686
NUEVE DE JULIO,INSTITUTO SUPERIOR EXP.TEC. ALIMENTARIA,H. YRIGOYEN 931,9001,9001,696
OLAVARRIA,ESCUELA EP N°17/ES N°22,ALSINA N° 2417,9001,9002,711
PARTIDO DE LA COSTA,ESCUELA EP N°2,AV. 1 Y 20 N°350 E/45 Y 43,9001,9001,337
PARTIDO DE LA COSTA,POLIDEPORTIVO ALDO OMAR FERRER,CALLE 13 Y 45,9002,9005,0337A
PARTIDO DE LA COSTA,INST. SUP. DE FORM. DOCENTE 89,ENTRE RIOS 555,9006,9008,0337B
PARTIDO DE MONTE HERMOSO,CTRO.EDUC.COMPLEMENTARIO N°801,BAHIA BLANCA N° 224,9001,9001,239
PARTIDO DE PINAMAR,COLEGIO TIERRA DEL SUR,JASON 1868,9001,9002,339
PARTIDO DE PINAMAR,ESCUELA EP N°7,BOULEVARD ANSPACH Y MISIONES. OSTENDE,9003,9007,0339A
PARTIDO DE PINAMAR,JARDIN DE INFANTES N°905,JUNIN 465,9008,9008,0339B
PARTIDO DE VILLA GESELL,ESCUELA EP N°5,SAN CLEMENTE E/ 32 Y 33. MAR AZUL,9001,9004,344
PATAGONES,ESCUELA EP N°21/ES N°6,C.MIGUEL Y P.ROJAS   338,9001,9002,729
PEHUAJO,ESCUELA EP N°2,ARTIGAS N° 555,9001,9001,734
PELLEGRINI,ESCUELA EP N°1,ROCA N°88 E/ UGARTE Y FRANCIA,9001,9001,743
PERGAMINO,MUNICIPALIDAD DE PERGAMINO,FLORIDA 629,9001,9002,748
PILA,ESCUELA ES N°1,17 N°138,9001,9001,765
PRESIDENTE PERON,ESCUELA EP N°7,SANTA ELENA N° 603 E/ GUEMES Y ALBERDI,9001,9003,304
PRESIDENTE PERON,INSTITUTO ROSARIO VERA PEÑALOZA,LARRALDE 132 E/ ORTIZ Y ALONSO,9004,9008,0304A
PRESIDENTE PERON,ESCUELA EP N°7,SANTA ELENA N° 603 E/ GUEMES Y ALBERDI,9009,9011,304
PRESIDENTE PERON,ESCUELA EP. N12,DISCEPOLO 4037,9012,9012,0304C
PUAN,MUNICIPALIDAD PUAN,V.DE ORTUZAR 51,9001,9001,776
PUNTA INDIO,ESCUELA ES N°2,31 Y CIRCUNVALACIÓN 12 N°1900,9001,9001,613
QUILMES,ESCUELA EP N°1/ES N°7,RIVADAVIA 373 E/ MITRE Y SARMIENTO,9001,9002,783
QUILMES,COLEGIO MONSEÑOR DI PASQUO,GARAY 750 E/PRIMERA JUNTA Y SOLIS,9003,9004,784
QUILMES,ESCUELA ES N°67,AV. C. PELLEGRINI N° 1150 E/ URQUIZA Y VELEZ SARFIELD,9005,9008,785
QUILMES,COLEGIO PRIVADO BERNAL,LAVALLE 142 E/ BOEDO Y R. PEÑA,9009,9012,0787A
QUILMES,ESCUELA EP. 21,DARDO ROCHA 802 E CERRITO Y DE PINEDA,9013,9013,787
QUILMES,JARDIN DE INFANTES 941,SAN LUIS 3998 E TROILO Y 389,9014,9016,788
QUILMES,ASOCIACION DE FOMENTO PQUE CALCHAQUI,PALMA DE MALLORCA 384 BIS  N° 4064,9017,9019,788
QUILMES,INSTITUTO RIOS DE VIDA,MARMOL 500 E/ PRINGLES Y BELGRANO,9020,9023,784
QUILMES,INSTITUTO SUPERIOR DE PIERO,LAMADRID 1186 E URQUIZA Y VELEZ,9024,9026,785
QUILMES,JARDIN DE INFANTES 954,CATAMARCA 4749 E 397 Y 398|,9027,9030,0785B
QUILMES,JARDIN DE INFANTES 943,FORMOSA 1555 E/ JL CABEZAS Y FLEMING,9031,9033,0786A
QUILMES,COLEGIO DEL NIÑO JESUS,BOEDO 1083 E CARBONETI Y SMITH,9034,9036,0787A
QUILMES,ESCUELA ES NRO 34,826 NRO 2518 E 898 Y 897,9037,9041,0788A
QUILMES,JARDIN DE INFANTES 908,872 NRO 4857 E 850 Y 849,9042,9043,0788B
QUILMES,JARDIN DE INFANTES 926,833 NRO 1155 E 880 Y 882,9044,9047,0788C
QUILMES,JARDIN DE INFANTES 965,CONCORDIA 4567 E PANAMA Y FRANCIA,9048,9051,0791A
QUILMES,CASA DEL NIÑO SAN VITO,BAHIA BLANCA N° 5379 E SOBRAL Y 401,9052,9053,0791A
QUILMES,ESCUELA ES 50,SAENZ PEÑA 427 E LIBANO Y SAN JUAN,9054,9055,0791A
QUILMES,INSTITUTO SUPERIOR DE PIERO,LAMADRID 1186 E URQUIZA Y VELEZ,9056,9056,785
QUILMES,JARDIN DE INFANTES 970,R DE CUBA 2555 E LATORRE Y CANE,9057,9059,0791B
RAMALLO,ESCUELA  EP N°26,SANTA FE Y SAN FCO. JAVIER,9001,9001,797
RAUCH,MUNICIPALIDAD DE RAUCH,RIVADAVIA 750,9001,9001,806
RIVADAVIA,ESCUELA EP N°9,SAN MARTIN N° 711,9001,9001,815
ROJAS,MUNICIPALIDAD DE ROJAS,BAME. MITRE N° 428,9001,9001,823
ROQUE PEREZ,ESCUELA ES N°1,9 DE JULIO 1537,9001,9001,832
SAAVEDRA,ESCUELA EP N°5,LUCIO VICENTE LOPEZ 429,9001,9001,840
SALADILLO,ESCUELA EP N°1,SAN MARTIN N° 3100,9001,9001,846
SALLIQUELO,ESCUELA ES N°1/EP N°7,INGLATERRA 35,9001,9001,746
SALTO,MUNICIPALIDAD SALTO,BUENOS AIRES 369,9001,9001,854
SAN ANDRES DE GILES,COLEGIO SAGRADA FAMILIA,RIVADAVIA 464,9001,9001,860
SAN ANTONIO DE ARECO,ESCUELA  MUNICIPAL BELGRANO,SARMIENTO Y GUIDO,9001,9001,866
SAN CAYETANO,ESCUELA EP N°19,SARMIENTO N° 1125,9001,9001,871
SAN FERNANDO,INSTITUTO CRUZ ROJA ARGENTINA,TRES DE FEBRERO N° 1275,9001,9003,872
SAN FERNANDO,JARDIN DE INFANTES N°901,LIBERTADOR 550,9004,9005,872
SAN FERNANDO,ESCUELA DE EDUC. ESPECIAL N°503,LAVALLE 600,9006,9010,872
SAN FERNANDO,JARDIN DE INFANTES N°910,HUMAITA 3991,9011,9012,0878A
SAN FERNANDO,JARDIN DE INFANTES N°913,J.INGENIEROS 2225,9013,9014,0879A
SAN ISIDRO,INSTITUTO LABARDEN,L.N.ALEM 402,9001,9006,887
SAN ISIDRO,JARDIN DE INFANTES MUNICIPAL N°11,ARAMBURU N° 583,9007,9008,891
SAN ISIDRO,COLEGIO PORTAL DE LOS NARANJOS (EP),CASTELLI 1534,9009,9013,891
SAN ISIDRO,ESCUELA DEL NORTE,BLANCO ENCALADA N° 2250,9014,9022,892
SAN ISIDRO,ESCUELA EP N°11,FRANCIA 98,9023,9028,888
SAN ISIDRO,CLUB ATLETICO SAN ISIDRO,SAENZ PEÑA 499,9029,9030,894
SAN MIGUEL,COLEGIO MARIA TERESA,JUAN P.PRINGLES 1511,9001,9007,397
SAN MIGUEL,INSTITUTO LUIGI PIRANDELLO,SERRANO N° 1557,9008,9010,397
SAN MIGUEL,ESCUELA VICENTE CHAS,AZCUENAGA N° 2925,9011,9011,400
SAN MIGUEL,ESCUELA ES N°8,RAIGADA Y ZALAZAR 272,9012,9020,401
SAN NICOLAS,ESCUELA  DE LA PAZ,MAIPU 87,9001,9003,901
SAN PEDRO,ESCUELA  EP N° 11,FRAY CAYETANO RODRIGUEZ 1402,9001,9001,913
SAN VICENTE,MUNICIPALIDAD,AV. SARMIENTO NRO 39 E 9 DE JULIO Y PERO,9001,9002,924
SAN VICENTE,ESCUELA EP. 12 /ES NRO 1 (EX ES N° 301),ESMERALDA 105 E URUGUAY Y BOLIVIA,9003,9005,925
SUIPACHA,ESCUELA ES N°1,JUJUY 400,9001,9001,929
TANDIL,MUNICIPALIDAD DE TANDIL,GRAL. BELGRANO 485,9001,9003,933
TAPALQUE,ESCUELA EP N°28,AV.9 DE JULIO N° 214,9001,9001,944
TIGRE,C.E.N.S.N°452,IRALA  1755,9001,9003,530
TIGRE,COLEGIO A DESCUBRIR,TUCUMAN 3049,9004,9006,530
TIGRE,INSTITUTO CARD. PIRONIO EP- ES,AV.DE LOS COLEGIOS N° 290,9007,9010,534
TIGRE,SAN LUCAS,ACCESO SUR Y AV. AGUSTIN M. GARCIA,9011,9015,534
TIGRE,COLEGIO DEL NORTE,AV. COLEGIO 680,9016,9020,534
TIGRE,ESCUELA ESPECIAL NTRA.SRA.DE LUJAN,FREIRE 1149,9021,9022,536
TIGRE,ESCUELA EP N°28,BELGRANO Y LAPRIDA,9023,9028,0534A
TIGRE,ESCUELA EP N°16/ES N°16,9 DE JULIO 24,9029,9029,0536A
TORDILLO,MUNICIPALIDAD DE TORDILLO,EVA DUARTE 110,9001,9001,951
TORNQUIST,ESCUELA EP N°1,AMEGHINO N° 48,9001,9001,953
TRENQUE LAUQUEN,MUNICIPALIDAD TRENQUE LAUQUEN,VILLEGAS N° 555,9001,9001,957
TRES ARROYOS,ESCUELA EP N°54,BELGRANO N° 50,9001,9002,964
TRES DE FEBRERO,JARDIN DE INFANTES N°919 (LOS NARANJOS),RAFFO 2741,9001,9002,389
TRES DE FEBRERO,JARDIN DE INFANTES MUNICIPAL ALADINO,ASUNCION N° 2463,9003,9003,392
TRES DE FEBRERO,CLUB ATLETICO ESTUDIANTES,J J URQUIZA 4300,9004,9007,391
TRES DE FEBRERO,ASOCIACIÓN SOCIAL Y DEPORTIVA J.JOSE DE URQUIZA,BELGRANO N° 4905,9008,9009,391
TRES DE FEBRERO,CLUB ATLETICO NUEVE DE JULIO,MAGDALENA 3043,9010,9012,391
TRES DE FEBRERO,ESCUELA EP N°26/ES N°28,BARRAGAN N° 773,9013,9013,392
TRES DE FEBRERO,CLUB ATLETICO Y SOCIAL CIUDADELA NORTE,25 DE MAYO 434,9014,9018,393
TRES DE FEBRERO,JARDIN DE INFANTES MUNICIPAL EL OSITO MIMOSO,ASUNCION N° 4703,9019,9021,393
TRES DE FEBRERO,JARDIN DE INFANTES N°913,NECOCHEA Y RICHIERI 3100,9022,9026,393
TRES DE FEBRERO,ESCUELA EP N°17,AVIADOR MATIENZO N° 559,9027,9039,0394A
TRES LOMAS,ESCUELA EST N°1,MORENO 153,9001,9001,744
VEINTICINCO DE MAYO,MUNICIPALIDAD 25 DE MAYO,9 Y 27 N° 790,9001,9001,980
VICENTE LOPEZ,COLEGIO SAN LUCAS,CORRIENTES 636,9001,9006,0993A
VICENTE LOPEZ,ESCUELA ES N°7,ARENALES N° 1945,9007,9009,995
VICENTE LOPEZ,ESCUELA  ESB. N° 17,MALAVER 4416,9010,9013,999
VICENTE LOPEZ,ESCUELA  EP N°18,DRYSDALE 5615,9014,9019,1000
VICENTE LOPEZ,ESCUELA  ES. N° 5,CABRAL 2728,9020,9027,1000A
VILLARINO,ESCUELA EP N°55,CURMELATO Y 9 DE JULIO. MEDANOS,9001,9001,1007
VILLARINO,CENTRO DE FORMACION PROFESIONAL 401,LUIS MARIA GALLI Y SARMIENTO,9002,9002,1010
VILLARINO,ESCUELA EP N°33,12 N° 380,9003,9006,1011
VILLARINO,ESCUELA ESPECIAL 502,AMELIA DEHENEN 638,9007,9007,1011A
ZARATE,INSTITUTO JOSE MANUEL ESTRADA,BELGRANO N° 599,9001,9003,1013
