Establecimiento,Seccion,Circuito,Mesas,Mesa desde,Mesa Hasta,electores,ID,Nombre Seccion,Nombre Circuito,obs
CENTRO EDUC.NIVEL MEDIO ADULTO,1,1,10,1,7,3225,1-1,Capital,SECCIONAL PRIMERA,Mesas 1 a 7  y 8651 - 8653
COL NAC DE MONSERRAT,1,1,18,20,37,6177,1-1,Capital,SECCIONAL PRIMERA,
ESC NUESTRA SEÑORA DEL HUERTO,1,1,12,8,19,4111,1-1,Capital,SECCIONAL PRIMERA,
ESC SANTA TERESA DE JESUS,1,1,10,38,47,3422,1-1,Capital,SECCIONAL PRIMERA,
ESC JUAN BAUTISTA ALBERDI,1,2,18,48,65,6130,1-2,Capital,SECCIONAL SEGUNDA,
ESC JERONIMO LUIS DE CABRERA,1,3,15,66,80,5173,1-3,Capital,SECCIONAL TERCERA,
ESC MARIANO MORENO,1,3,13,113,125,4466,1-3,Capital,SECCIONAL TERCERA,
ESC NORMAL ALEJANDRO CARBO,1,3,13,100,112,4486,1-3,Capital,SECCIONAL TERCERA,
IPEM N° 270 GRAL M BELGRANO,1,3,11,81,91,3790,1-3,Capital,SECCIONAL TERCERA,
ESC SANTO TOMAS,1,3,8,92,99,2770,1-3,Capital,SECCIONAL TERCERA,
COL NACIONAL DEAN FUNES,1,4,20,126,145,6941,1-4,Capital,NUEVA CORDOBA,
IPET N°66 DR JOSE A BALSEIRO,1,4,14,146,159,4837,1-4,Capital,NUEVA CORDOBA,
FAC DE CIENCIAS ECONOMICAS,1,4,10,169,178,3464,1-4,Capital,NUEVA CORDOBA,
ESC GDOR ALVAREZ,1,4,9,160,168,3110,1-4,Capital,NUEVA CORDOBA,
IPEM 38 FRANC. PABLO DE MAURO,1,4,9,179,187,3110,1-4,Capital,NUEVA CORDOBA,
ESC ESPAÑA,1,5,14,322,335,4770,1-5,Capital,ALTAMIRA,
ESC GRECIA,1,5,11,336,346,3754,1-5,Capital,ALTAMIRA,
ESC PANAMERICANA,1,5,10,347,356,3404,1-5,Capital,ALTAMIRA,
ESC ESTANISLAO DEL CAMPO,1,5,5,357,361,1699,1-5,Capital,ALTAMIRA,
ESC TENIENTE GRAL ARAMBURU,1,6,9,561,569,2932,1-6,Capital,ALTO GRAL PAZ,
COL  SAN RAMON NONATO,1,6,7,570,576,2286,1-6,Capital,ALTO GRAL PAZ,
ESC JORGE NEWBERY (CIRC 7F),1,7,1,667,667,106,1-7,Capital,AEROPUERTO,
ESC  RABINDRANAT TAGORE,1,8,3,892,894,752,1-8,Capital,LA FLORESTA NORTE,
INST ESCUTI,1,9,9,996,1004,3067,1-9,Capital,ESCOBAR,
ESC PROVINCIA DE CORRIENTES,1,9,8,988,995,2736,1-9,Capital,ESCOBAR,
INST EDUCACION CORDOBA,1,10,19,1200,1218,6548,1-10,Capital,BELLA VISTA,
ESC ROQUE SAENZ PEÑA,1,10,14,1186,1199,4842,1-10,Capital,BELLA VISTA,
ESC MANUEL BELGRANO,1,10,10,1228,1237,3457,1-10,Capital,BELLA VISTA,
E.N.E.T. N°1 DR A SABATTINI,1,10,9,1219,1227,3104,1-10,Capital,BELLA VISTA,
ESC ISABEL LA CATOLICA,1,11,14,1659,1672,4784,1-11,Capital,AERONAUTICO,
ESC JUAN XXIII,1,12,12,2123,2134,4073,1-12,Capital,AVELLANEDA,
ESC CONSTANCIO C VIGIL,1,12,8,2135,2142,2712,1-12,Capital,AVELLANEDA,
ESC MUNIC OSCAR SOTO LOPEZ,1,12,7,2143,2149,2378,1-12,Capital,AVELLANEDA,
ESC PADRE DIEGO DE TORRES,1,13,12,2471,2482,4042,1-13,Capital,LEANDRO N. ALEM,
ESC ARISTOBULO DEL VALLE,1,13,10,2483,2492,3357,1-13,Capital,LEANDRO N. ALEM,
ESC ASOCIACION DE MAYO,1,13,5,2493,2497,1682,1-13,Capital,LEANDRO N. ALEM,
COLEGIO LA SALLE,1,14,15,2874,2888,5144,1-14,Capital,ARGUELLO,
COLEGIO DEL CARMEN,1,14,6,2889,2894,2057,1-14,Capital,ARGUELLO,
ESC MUN YAMAHIBIA ARABE LIBIA,1,10A,9,1238,1246,3070,1-10A,Capital,CABILDO,
IPEM 311,1,10A,6,1247,1252,2038,1-10A,Capital,CABILDO,
ESC PCIA DE CATAMARCA,1,10B,17,1253,1269,5812,1-10B,Capital,CIUDADELA,
ESC GDOR J B BUSTOS,1,10B,11,1276,1286,3756,1-10B,Capital,CIUDADELA,
ESC REPUBLICA DE SIRIA,1,10B,6,1270,1275,2049,1-10B,Capital,CIUDADELA,
J DE INF REPUBLICA DE SIRIA,1,10B,1,1287,1287,341,1-10B,Capital,CIUDADELA,
ESC ALEJANDRO CARBO,1,10C,16,1288,1303,5379,1-10C,Capital,COMERCIAL,
ESC MUNIC AZOR GRIMAUT,1,10C,5,1304,1308,1668,1-10C,Capital,COMERCIAL,
ESC MUNIC REPUBLICA DE ITALIA,1,10D,7,1309,1315,2270,1-10D,Capital,CONGRESO,
"IPEM 183""PEDRO B.PALACIOS""",1,10D,4,1316,1319,1296,1-10D,Capital,CONGRESO,
ESC  ALAS ARGENTINA,1,10E,12,1341,1352,4089,1-10E,Capital,ESTACION FLORES,
ESC CADETES FUERZA AEREA,1,10E,11,1320,1330,3762,1-10E,Capital,ESTACION FLORES,
ESC PADRE BURON,1,10E,8,1331,1338,2743,1-10E,Capital,ESTACION FLORES,
ESC MUNIC CESAR E ROMERO,1,10E,6,1353,1358,2040,1-10E,Capital,ESTACION FLORES,
J DE INF CADETES FUERZA AEREA,1,10E,2,1339,1340,681,1-10E,Capital,ESTACION FLORES,
COL NUESTRA SEÑORA DE FATIMA,1,10F,13,1369,1381,4478,1-10F,Capital,MATIENZO,
ESC AERONAUTICA ARGENTINA,1,10F,10,1359,1368,3452,1-10F,Capital,MATIENZO,
ESC MIGUEL A ZABALA ORTIZ,1,10F,7,1389,1395,2414,1-10F,Capital,MATIENZO,
ESC REPUBLICA ARGENTINA,1,10F,7,1382,1388,2412,1-10F,Capital,MATIENZO,
E.N.E.T. N° 4 COPERNICO,1,10G,26,1396,1421,8986,1-10G,Capital,OBSERVATORIO,
COL  NUESTRA SEÑORA DE NIEVA,1,10G,18,1431,1448,6223,1-10G,Capital,OBSERVATORIO,
EE UU DE NORTEAMERICA,1,10G,9,1422,1430,3111,1-10G,Capital,OBSERVATORIO,
ESC ADOLFO SALDIAS,1,10G,8,1449,1456,2758,1-10G,Capital,OBSERVATORIO,
ESC R ESCALADA DE SAN MARTIN,1,10H,13,1467,1479,4444,1-10H,Capital,PARQUE CAPITAL,
ESC GDOR EMILIO OLMOS,1,10H,10,1457,1466,3423,1-10H,Capital,PARQUE CAPITAL,
ESC MUNIC DR A DEL CASTILLO,1,10H,7,1480,1486,2393,1-10H,Capital,PARQUE CAPITAL,
IPEM 154 MARTIN M DE GUEMES,1,10H,6,1487,1492,2050,1-10H,Capital,PARQUE CAPITAL,
IPEM 357 (SEC ELPIDIO TORRES),1,10I,13,1511,1523,4419,1-10I,Capital,PARQUE HORIZONTE,
PRIMARIA ELPIDIO TORRES,1,10I,12,1493,1504,4085,1-10I,Capital,PARQUE HORIZONTE,
INST. SAN JOSE ARTESANO,1,10I,6,1505,1510,2041,1-10I,Capital,PARQUE HORIZONTE,
ESCUELA DON ORIONE,1,10J,12,1535,1546,4160,1-10J,Capital,SANTA ISABEL,
ESC BANDERA ARGENTINA,1,10J,11,1524,1534,3812,1-10J,Capital,SANTA ISABEL,
ESC MUNIC FERNANDEZ ORDOÑEZ,1,10J,7,1547,1553,2424,1-10J,Capital,SANTA ISABEL,
ESC.OSVALDO JORGE LEON,1,10J,6,1554,1559,2076,1-10J,Capital,SANTA ISABEL,
ESC BENITO SORIA,1,10K,12,1560,1571,3963,1-10K,Capital,VICOR,
COLEGIO PRIVADO SAN ISIDRO,1,10K,5,1572,1576,1652,1-10K,Capital,VICOR,
ESC PTE DR ARTURO U ILLIA,1,10L,11,1609,1619,3833,1-10L,Capital,VILLA EL LIBERTADOR,
ESC MARTA JUANA GONZALEZ,1,10L,10,1591,1600,3490,1-10L,Capital,VILLA EL LIBERTADOR,
IPEM 123BLANCA ETCHEMENDI,1,10L,10,1639,1648,3478,1-10L,Capital,VILLA EL LIBERTADOR,
ESC VICENTE FORESTIERI,1,10L,9,1630,1638,3134,1-10L,Capital,VILLA EL LIBERTADOR,
ESC MUNIC ALICIA MOREAU DE JUS,1,10L,8,1601,1608,2788,1-10L,Capital,VILLA EL LIBERTADOR,
ESC PROV DE SGO DEL ESTERO,1,10L,8,1583,1590,2784,1-10L,Capital,VILLA EL LIBERTADOR,
COL SAN JOSE OBRERO,1,10L,6,1620,1625,2090,1-10L,Capital,VILLA EL LIBERTADOR,
IPEM 360-PROF E TOLEDO,1,10L,6,1577,1582,2092,1-10L,Capital,VILLA EL LIBERTADOR,
ESC PATRICIAS MENDOCINAS,1,10L,4,1649,1652,1389,1-10L,Capital,VILLA EL LIBERTADOR,
J DE INF DR ARTURO U ILLIA,1,10L,4,1626,1629,1397,1-10L,Capital,VILLA EL LIBERTADOR,
ESC PRIMARIA GRACIELA DEL RIO,1,10M,6,1653,1658,1994,1-10M,Capital,AMPLIACION CABILDO,
ESC JOSE MARIA PAZ,1,11A,15,1722,1736,5152,1-11A,Capital,ALTO ALBERDI,
ESC PQUIAL SAN JOSE,1,11A,12,1673,1684,4127,1-11A,Capital,ALTO ALBERDI,
ESC SAN JOSE,1,11A,11,1702,1712,3772,1-11A,Capital,ALTO ALBERDI,
ESC SUP DE COMERCIO H VIEYTES,1,11A,10,1685,1694,3439,1-11A,Capital,ALTO ALBERDI,
ESC SAN LUIS GONZAGA,1,11A,9,1713,1721,3092,1-11A,Capital,ALTO ALBERDI,
ESC BLAS PARERA,1,11A,7,1695,1701,2397,1-11A,Capital,ALTO ALBERDI,
ESC MOYANO COUDERT,1,11A,4,1737,1740,1371,1-11A,Capital,ALTO ALBERDI,
ESC ANTARTIDA ARGENTINA,1,11B,11,1750,1760,3707,1-11B,Capital,DON BOSCO,
INSTITUTO TECNICO DON BOSCO,1,11B,9,1741,1749,3040,1-11B,Capital,DON BOSCO,
ESC MANUEL E PIZARRO,1,11C,15,1773,1787,5150,1-11C,Capital,LAS PALMAS,
ESC GRAL SAN MARTIN,1,11C,12,1761,1772,4132,1-11C,Capital,LAS PALMAS,
ESC MUNIC JUSTO PAEZ MOLINA,1,11C,7,1788,1794,2400,1-11C,Capital,LAS PALMAS,
IPEM MARCELA B. MOYANO COUDERT,1,11C,7,1795,1801,2400,1-11C,Capital,LAS PALMAS,
INST JESUS MARIA,1,11D,18,1802,1819,6176,1-11D,Capital,LOS NARANJOS,
ESC REPUBLICA DEL PERU,1,11D,12,1820,1831,4109,1-11D,Capital,LOS NARANJOS,
ESC  SANTISIMA TRINIDAD,1,11D,7,1832,1838,2391,1-11D,Capital,LOS NARANJOS,
ESC B DE MONTEAGUDO,1,11E,12,1839,1850,4170,1-11E,Capital,LOS PLATANOS,
ESC JOSE MARMOL,1,11E,11,1851,1861,3832,1-11E,Capital,LOS PLATANOS,
ESC PADRE T GAMBINO,1,11E,10,1869,1878,3476,1-11E,Capital,LOS PLATANOS,
ESC A CAPDEVILA,1,11E,7,1862,1868,2436,1-11E,Capital,LOS PLATANOS,
ESC.MUNIC.DR.CARLOS BECERRA,1,11E,6,1879,1884,2083,1-11E,Capital,LOS PLATANOS,
IPEM 205 HUGO PALLADINO,1,11F,12,1885,1896,4037,1-11F,Capital,LOS ROBLES,
ESC BATERIA LIBERTAD,1,11F,9,1901,1909,3023,1-11F,Capital,LOS ROBLES,
COL SAN BUENAVENTURA,1,11F,4,1897,1900,1347,1-11F,Capital,LOS ROBLES,
ESC PEREZ BULNES,1,11G,11,1918,1928,3821,1-11G,Capital,PARQUE REPUBLICA,
ESC ATILIO ARGÜELLO,1,11G,10,1929,1938,3470,1-11G,Capital,PARQUE REPUBLICA,
ESC PRIMER TTE AVILA,1,11G,8,1910,1917,2792,1-11G,Capital,PARQUE REPUBLICA,
JORGE LUIS BORGES (IPEM 41),1,11G,6,1941,1946,2080,1-11G,Capital,PARQUE REPUBLICA,
CURACA LINO ACEVEDO,1,11G,3,1947,1949,1041,1-11G,Capital,PARQUE REPUBLICA,
JARDIN TTE. AVILA,1,11G,2,1939,1940,694,1-11G,Capital,PARQUE REPUBLICA,
ESC GABRIELA MISTRAL,1,11H,10,1950,1959,3361,1-11H,Capital,QUEBRADA LAS ROSAS,
ESC REPUBLICA DE VENEZUELA,1,11H,10,1960,1969,3358,1-11H,Capital,QUEBRADA LAS ROSAS,
ESC MUNIC LUZ VIEYRA MENDEZ,1,11I,11,1970,1980,3811,1-11I,Capital,RESIDENCIAL SAN ROQUE,
ESC MAURO FERNANDEZ,1,11I,10,1981,1990,3455,1-11I,Capital,RESIDENCIAL SAN ROQUE,
ESC.REPUBLICA DEL ECUADOR,1,11I,10,1993,2002,3439,1-11I,Capital,RESIDENCIAL SAN ROQUE,
IPEM 321 BRIG JUAN M DE ROSAS,1,11I,7,2009,2015,2417,1-11I,Capital,RESIDENCIAL SAN ROQUE,
IPEM 129 HEROES DE MALVINAS,1,11I,6,2003,2008,2069,1-11I,Capital,RESIDENCIAL SAN ROQUE,
J DE INF MAURO FERNANDEZ,1,11I,2,1991,1992,686,1-11I,Capital,RESIDENCIAL SAN ROQUE,
ESC ROMA,1,11J,17,2016,2032,5865,1-11J,Capital,SANTA ANA,
ESC LUTERANO CONCORDIA,1,11J,16,2033,2048,5529,1-11J,Capital,SANTA ANA,
COLEGIO SAN JOSE,1,11J,12,2049,2060,4155,1-11J,Capital,SANTA ANA,
ESC GENERAL MOSCONI,1,11J,5,2061,2065,1725,1-11J,Capital,SANTA ANA,
ESC EJERCITO ARGENTINO,1,11K,8,2066,2073,2726,1-11K,Capital,VILLA GRAL URQUIZA,
COL MADRE PAULA MONTAL,1,11K,7,2088,2094,2382,1-11K,Capital,VILLA GRAL URQUIZA,
ESC MUNIC E BAQUERO LASCANO,1,11K,7,2074,2080,2390,1-11K,Capital,VILLA GRAL URQUIZA,
ESC MUNIC JUAN B JUSTO,1,11K,7,2081,2087,2395,1-11K,Capital,VILLA GRAL URQUIZA,
IPEM 318 COMBATE DE LA TABLADA,1,11K,4,2095,2098,1365,1-11K,Capital,VILLA GRAL URQUIZA,
INST.MARIA DE NAZARET,1,11L,9,2099,2107,2812,1-11L,Capital,COUNTRYS DEL OESTE,
ESC.S TURISMO Y HOT.M.PACHECO,1,11M,8,2108,2115,2766,1-11M,Capital,VALLE ESCONDIDO,
INSTITUTO VILLADA,1,11M,7,2116,2122,2419,1-11M,Capital,VALLE ESCONDIDO,
ESC.PROF.M.LUCIANI,1,12A,9,2150,2158,3062,1-12A,Capital,CARCANO,
ESC.MA.DEL TRANSITO CABANILLAS,1,12A,8,2159,2166,2724,1-12A,Capital,CARCANO,
INST NTRA SRA DEL SGDO CORAZON,1,12B,17,2180,2196,5840,1-12B,Capital,COLON,
ESC RUBEN DARIO,1,12B,13,2167,2179,4490,1-12B,Capital,COLON,
ESC HILARIO ASCASUBI,1,12B,10,2212,2221,3433,1-12B,Capital,COLON,
ESC JUAN LARREA,1,12B,8,2204,2211,2749,1-12B,Capital,COLON,
INST MANUEL BELGRANO,1,12B,8,2222,2229,2752,1-12B,Capital,COLON,
ESC BARTOLOME HIDALGO,1,12B,7,2197,2203,2402,1-12B,Capital,COLON,
ESC DR LUIS A CAEIRO,1,12B,2,2230,2231,683,1-12B,Capital,COLON,
IPEM 124.ADELA ROSA DE LA VEGA,1,12C,14,2232,2245,4593,1-12C,Capital,CORONEL OLMEDO,
ESC PEDRO GOYENA,1,12D,14,2256,2269,4819,1-12D,Capital,JOSE IGNACIO DIAZ,
ESC MONSEÑOR M DE ANDREA,1,12D,10,2246,2255,3452,1-12D,Capital,JOSE IGNACIO DIAZ,
ESC. MARIA EVA DUARTE,1,12D,9,2315,2323,3105,1-12D,Capital,JOSE IGNACIO DIAZ,
CENTRO.ING.REGINO M.MADERS,1,12D,8,2293,2300,2762,1-12D,Capital,JOSE IGNACIO DIAZ,
ESC MUNIC DR ARTURO H ILLIA,1,12D,8,2278,2285,2756,1-12D,Capital,JOSE IGNACIO DIAZ,
ESC MUNICIPAL DR A SABATTINI,1,12D,8,2270,2277,2754,1-12D,Capital,JOSE IGNACIO DIAZ,
POETA OSCAR GUIÑAZU ALVAREZ,1,12D,8,2301,2308,2760,1-12D,Capital,JOSE IGNACIO DIAZ,
ESC MUNIC DOMINGO F SARMIENTO,1,12D,7,2286,2292,2407,1-12D,Capital,JOSE IGNACIO DIAZ,
IPEM N° 309 (FUENTEALBA),1,12D,6,2309,2314,2068,1-12D,Capital,JOSE IGNACIO DIAZ,
ESC LIBERTADOR GRAL S MARTIN,1,12E,9,2329,2337,3016,1-12E,Capital,FERREYRA,
ESC REPUBLICA DE COSTA RICA,1,12E,5,2324,2328,1671,1-12E,Capital,FERREYRA,
J DE INF LIBERTADOR SAN MARTIN,1,12E,1,2338,2338,336,1-12E,Capital,FERREYRA,
ESC GRAL MANUEL BELGRANO,1,12F,11,2355,2365,3810,1-12F,Capital,JOSE HERNANDEZ,
IPEM 167 JOSE MANUEL ESTRADA,1,12F,10,2381,2390,3466,1-12F,Capital,JOSE HERNANDEZ,
ESC MUNIC E MOLINARI ROMERO,1,12F,9,2339,2347,3115,1-12F,Capital,JOSE HERNANDEZ,
ESC EJERCITO ARGENTINO,1,12F,8,2366,2373,2767,1-12F,Capital,JOSE HERNANDEZ,
COL.JOVENES ARGENTINOS,1,12F,7,2374,2380,2420,1-12F,Capital,JOSE HERNANDEZ,
ESC MUNIC BRIG JUAN I DE S MAR,1,12F,7,2348,2354,2418,1-12F,Capital,JOSE HERNANDEZ,
ESCUELA ADVENTISTA HECTOR RHYS,1,12F,6,2391,2396,2076,1-12F,Capital,JOSE HERNANDEZ,
ESC EJERCITO ARGENTINO,1,12G,15,2404,2418,5186,1-12G,Capital,ITUZAINGO,
ESC PRIMARIA CARLOS M DE ALVEA,1,12G,7,2397,2403,2417,1-12G,Capital,ITUZAINGO,
ESC SECUNDARIA CARLOS M DE ALV,1,12G,6,2419,2424,2074,1-12G,Capital,ITUZAINGO,
ESC DR IGNACIO DUARTE QUIROS,1,12G,4,2425,2428,1376,1-12G,Capital,ITUZAINGO,
ESC MADRE TERESA DE CALCUTA,1,12H,9,2429,2437,3055,1-12H,Capital,LOS CERVECEROS,
ESC RAUL A FERREYRA,1,12H,9,2438,2446,3057,1-12H,Capital,LOS CERVECEROS,
ESC JOSE M ESTRADA,1,12H,7,2447,2453,2382,1-12H,Capital,LOS CERVECEROS,
ESC.DR.NICOLAS AVELLANEDA,1,12H,6,2457,2462,2035,1-12H,Capital,LOS CERVECEROS,
J DE INF RAUL A.FERREYRA,1,12H,3,2454,2456,1021,1-12H,Capital,LOS CERVECEROS,
ESC. PRIMARIA MARIA SALEME,1,12I,8,2463,2470,2574,1-12I,Capital,CIUDAD DE MIS SUEÑOS,
ESC P ALBARRACIN DE SARMIENTO,1,13A,12,2529,2540,4158,1-13A,Capital,AYACUCHO,
ESC R SANCHEZ DE CALDELARI,1,13A,11,2518,2528,3814,1-13A,Capital,AYACUCHO,
ESC FRANCISCO A RIZZUTO,1,13A,10,2508,2517,3473,1-13A,Capital,AYACUCHO,
ESC HENOCH D AGUIAR,1,13A,10,2498,2507,3477,1-13A,Capital,AYACUCHO,
ESC MUNIC DR P CARANDE CARRO,1,13A,5,2541,2545,1736,1-13A,Capital,AYACUCHO,
ESC FLORENCIO SANCHEZ,1,13B,1,2546,2546,116,1-13B,Capital,EL GATEADO,
COLEGIO HORTUS CONCLUSUS,1,13C,11,2576,2586,3743,1-13C,Capital,GENERAL BUSTOS,
ESC ALEJO CARMEN GUZMAN,1,13C,11,2565,2575,3743,1-13C,Capital,GENERAL BUSTOS,
ESC CAPITAL FEDERAL,1,13C,11,2547,2557,3739,1-13C,Capital,GENERAL BUSTOS,
ESC CRISTO REY,1,13C,7,2558,2564,2370,1-13C,Capital,GENERAL BUSTOS,
ESC MUNIC J GONZALEZ,1,13D,8,2587,2594,2792,1-13D,Capital,JARDIN ARENALES,
ESC REPUBLICA DE LA INDIA,1,13E,4,2595,2598,1266,1-13E,Capital,LA DOROTEA,
ESC MODELO RACING,1,13F,9,2599,2607,3046,1-13F,Capital,NUEVA ITALIA,
ESC SGTO CABRAL,1,13F,8,2608,2615,2708,1-13F,Capital,NUEVA ITALIA,
IPEM 159.ARISTOBULO DEL VALLE,1,13F,6,2616,2621,2028,1-13F,Capital,NUEVA ITALIA,
ESC ESPIRITU SANTO,1,13G,25,2636,2660,8620,1-13G,Capital,PARQUE LICEO,
ESC  RICARDO ROJAS,1,13G,14,2622,2635,4826,1-13G,Capital,PARQUE LICEO,
ESC. PRIMARIA EVA DUARTE,1,13G,8,2668,2675,2750,1-13G,Capital,PARQUE LICEO,
ESC MUNIC GDOR A ZANICHELLI,1,13G,7,2661,2667,2412,1-13G,Capital,PARQUE LICEO,
IPEM 21 ALFONSINA STORNI,1,13G,1,2676,2676,344,1-13G,Capital,PARQUE LICEO,
COL HIJAS DE MARIA INMACULADA,1,13H,15,2688,2702,5131,1-13H,Capital,PATRICIOS,
ESC MANUEL BELGRANO,1,13H,12,2711,2722,4096,1-13H,Capital,PATRICIOS,
ESC JOSE MARIA PAZ,1,13H,11,2677,2687,3773,1-13H,Capital,PATRICIOS,
ESC PARROQUIAL SAN ROQUE,1,13H,8,2703,2710,2731,1-13H,Capital,PATRICIOS,
ESC MUNIC DR D LATELLA FRIAS,1,13H,4,2723,2726,1370,1-13H,Capital,PATRICIOS,
ESC MUNIC DR ALFREDO ORGAZ,1,13I,7,2734,2740,2355,1-13I,Capital,SAN JORGE,
ESC MUNIC JORGE LUIS BORGES,1,13I,7,2727,2733,2358,1-13I,Capital,SAN JORGE,
ESC MUNIC. MONSEÑOR ANGELELLI,1,13I,4,2741,2744,1348,1-13I,Capital,SAN JORGE,
ESC VICENTE F LOPEZ,1,13J,15,2801,2815,5159,1-13J,Capital,VILLA AZALAIS,
ESC CURA BROCHERO,1,13J,12,2756,2767,4139,1-13J,Capital,VILLA AZALAIS,
ESC JUSTO PAEZ MOLINA,1,13J,12,2789,2800,4132,1-13J,Capital,VILLA AZALAIS,
ESC PARROQUIAL L STUCCHI BAUDO,1,13J,12,2777,2788,4132,1-13J,Capital,VILLA AZALAIS,
I.P.E.T N° 70,1,13J,12,2824,2835,4136,1-13J,Capital,VILLA AZALAIS,
ESC A CAPDEVILA/ DR. B HOUSEY,1,13J,11,2745,2755,3786,1-13J,Capital,VILLA AZALAIS,
ESC GDOR H DEL CASTILLO,1,13J,9,2768,2776,3112,1-13J,Capital,VILLA AZALAIS,
ESC MUNIC J A PAREDES,1,13J,8,2816,2823,2749,1-13J,Capital,VILLA AZALAIS,
DR JOSE RAMON IBAÑEZ,1,13K,7,2836,2842,2333,1-13K,Capital,VILLA ESQUIU,
ESC JORGE WASHINGTON ABALOS,1,13L,2,2843,2844,452,1-13L,Capital,VILLA GRAN PARQUE,
ESC OLEGARIO V ANDRADE,1,13M,2,2845,2846,409,1-13M,Capital,CAMINO A COLONIA TIROLESA,
ESC DR ANTONIO NORES,1,13N,13,2847,2859,4369,1-13N,Capital,YOFRE,
ESC MATEO J LUQUE,1,13N,9,2860,2868,3024,1-13N,Capital,YOFRE,
ESC. CARLOS TAGLE ACHAVAL,1,13O,5,2869,2873,1406,1-13O,Capital,CHACHAPOYAS,
ESC BRIG SAN MARTIN,1,14A,13,2895,2907,4513,1-14A,Capital,ARGUELLO NORTE,
ESC MARTHA A SALOTTI,1,14A,12,2929,2940,4160,1-14A,Capital,ARGUELLO NORTE,
ESC RICARDO NASSIF,1,14A,12,2908,2919,4166,1-14A,Capital,ARGUELLO NORTE,
ESC HUGO LEONELLI,1,14A,9,2920,2928,3121,1-14A,Capital,ARGUELLO NORTE,
ESC JAVIER VILLAFAÑE,1,14A,7,2941,2947,2430,1-14A,Capital,ARGUELLO NORTE,
ESC MARTIN DE GÜEMES,1,14B,8,2948,2955,2685,1-14B,Capital,ARGUELLO PRIMERO,
ESC MUNIC RAUL V MARTINEZ,1,14B,8,2956,2963,2688,1-14B,Capital,ARGUELLO PRIMERO,
ESC ELISA K DE LIVACK,1,14B,5,2964,2968,1679,1-14B,Capital,ARGUELLO PRIMERO,
INST  LA INMACULADA,1,14C,15,2969,2983,5029,1-14C,Capital,ARGUELLO SEGUNDO,
ESC JUAN ZORRILA DE SAN MARTIN,1,14D,10,2993,3002,3379,1-14D,Capital,CERRO DE LAS ROSAS,
ESC INGENIERO VICTOR REE,1,14D,9,2984,2992,3046,1-14D,Capital,CERRO DE LAS ROSAS,
ESC NIÑAS DE AYOHUMA,1,14E,9,3008,3016,3116,1-14E,Capital,CERRO NORTE,
ESC GERONIMO GRAGERA,1,14E,5,3017,3021,1727,1-14E,Capital,CERRO NORTE,
ESC MODESTA RODRIGUEZ,1,14E,5,3003,3007,1733,1-14E,Capital,CERRO NORTE,
ESC DR ALEJANDRO GALLARDO,1,14F,11,3022,3032,3666,1-14F,Capital,GRANJA DE FUNES,
ESC JAVIER LAZCANO COLODRERO,1,14F,9,3033,3041,2995,1-14F,Capital,GRANJA DE FUNES,
ESC. F. LELOIR  ( IPEM 202),1,14G,10,3060,3069,3373,1-14G,Capital,LOS BOULEVARES,
ESC JUAN MARIA GUTIERREZ,1,14G,9,3051,3059,3030,1-14G,Capital,LOS BOULEVARES,
ESC MUNIC ING MASJOAN,1,14G,9,3042,3050,3031,1-14G,Capital,LOS BOULEVARES,
ESC ARTEMIO ARAN,1,14H,10,3070,3079,3281,1-14H,Capital,MERCANTIL,
ESC MUNIC MAESTRO M OLIVA,1,14H,5,3080,3084,1633,1-14H,Capital,MERCANTIL,
ESC MUNIC ARSENIO MURUGARREN,1,14I,9,3092,3100,3067,1-14I,Capital,SANTA CECILIA,
ESC MAESTROS PUNTANOS,1,14I,7,3085,3091,2392,1-14I,Capital,SANTA CECILIA,
ESC  REPUBLICA DEL LIBANO,1,14J,8,3108,3115,2735,1-14J,Capital,URCA,
INST SEC REPUBLICA DE ITALIA,1,14J,8,3116,3123,2736,1-14J,Capital,URCA,
ESC  REPUBLICA DE PANAMA,1,14J,7,3101,3107,2394,1-14J,Capital,URCA,
ESC MUNIC DR RAUL FERNANDEZ,1,14K,8,3124,3131,2629,1-14K,Capital,VILLA ALLENDE PARQUE,
JARDIN MATERNAL TRAVESURAS,1,14K,3,3132,3134,983,1-14K,Capital,VILLA ALLENDE PARQUE,
ESC  NUEVA JUAN MANTOVANI,1,14L,8,3135,3142,2705,1-14L,Capital,VILLA BELGRANO,
ESC  RICARDO PALMA,1,14L,7,3143,3149,2364,1-14L,Capital,VILLA BELGRANO,
ESC PRIMERA JUNTA,1,14M,12,3162,3173,4049,1-14M,Capital,VILLA CENTENARIO,
INST  SAUL TABORDA,1,14M,12,3150,3161,4068,1-14M,Capital,VILLA CENTENARIO,
ESC LUZ VIEYRA MENDEZ,1,14M,4,3174,3177,1345,1-14M,Capital,VILLA CENTENARIO,
ESC MUNIC DR HORACIO GARCIA,1,14N,8,3178,3185,2598,1-14N,Capital,VILLA CORNU,
IPEM 16 MA.SALEME DE BURNICHON,1,14N,6,3186,3191,1940,1-14N,Capital,VILLA CORNU,
INSTITUTO LEON XIII,1,14O,9,3192,3200,3125,1-14O,Capital,VILLA 9 DE JULIO,
ESC MUNIC SAUL TABORDA,1,14O,7,3201,3207,2429,1-14O,Capital,VILLA 9 DE JULIO,
MARIA SANCHEZ MENDEVILLE,1,14O,6,3208,3213,2085,1-14O,Capital,VILLA 9 DE JULIO,
ESC MUNIC DR JORGE ORGAZ,1,14P,7,3214,3220,2242,1-14P,Capital,VILLA RIVERA INDARTE,
IPEM N° 17,1,14P,4,3221,3224,1279,1-14P,Capital,VILLA RIVERA INDARTE,
INST. TEC. ISAAC NEWTON,1,14Q,4,3225,3228,1289,1-14Q,Capital,VILLA WARCALDE,
ESC DANTE ALIGHIERI,1,4A,15,224,238,5197,1-4A,Capital,PUEBLO LAS FLORES,
ESC SAN FRANCISCO DE ASIS,1,4A,14,210,223,4845,1-4A,Capital,PUEBLO LAS FLORES,
ESC COM R ECHEGOYEN,1,4A,8,202,209,2767,1-4A,Capital,PUEBLO LAS FLORES,
ESC ALMAFUERTE,1,4A,7,195,201,2432,1-4A,Capital,PUEBLO LAS FLORES,
ESC ERNESTO BANCALARI,1,4A,7,188,194,2435,1-4A,Capital,PUEBLO LAS FLORES,
INST EDUC NTRA SEÑORA,1,4B,17,239,255,5865,1-4B,Capital,VILLA REVOL,
COL NICOLAS BERROTARAN,1,4B,11,266,276,3797,1-4B,Capital,VILLA REVOL,
ESC ING MASJOAN,1,4B,10,256,265,3453,1-4B,Capital,VILLA REVOL,
COL PARROQUIAL CRISTO REDENTOR,1,4B,7,277,283,2413,1-4B,Capital,VILLA REVOL,
IPEN 310- PUERTO ARGENTINO,1,4C,8,290,297,2717,1-4C,Capital,INAUDI,
ESC SAN JOSE DE CALASANZ,1,4C,6,284,289,2045,1-4C,Capital,INAUDI,
COL VILLA EUCARISTICA,1,4D,7,298,304,2369,1-4D,Capital,VILLA EUCARISTICA,
ESC.SABIN,1,4E,8,305,312,2771,1-4E,Capital,NUESTRO HOGAR III,
NSC.OSCAR RAUL MALVASIO,1,4F,9,313,321,2846,1-4F,Capital,CIUDAD OBISPO ANGELELLI,
ELENA LOPEZ LALLANA,1,5A,10,368,377,3304,1-5A,Capital,COLONIA LOLA,
ESC MUNICIPAL A GASTALDI,1,5A,6,362,367,1986,1-5A,Capital,COLONIA LOLA,
ESC  9 DE JULIO,1,5B,6,378,383,1827,1-5B,Capital,DEAN FUNES,
FRAY JUSTO STA MARÍA DE ORO,1,5C,12,417,428,4151,1-5C,Capital,EMPALME,
ESC VICTOR MERCANTE,1,5C,11,393,403,3800,1-5C,Capital,EMPALME,
ESC PROVINCIA DE LA RIOJA,1,5C,9,384,392,3121,1-5C,Capital,EMPALME,
ESC JUAN M DE PUEYRREDON,1,5C,8,404,411,2760,1-5C,Capital,EMPALME,
IPEM 400 LOPEZ LALLANA,1,5C,7,429,435,2421,1-5C,Capital,EMPALME,
INST SEC EMPALME GONZALEZ LACA,1,5C,5,412,416,1731,1-5C,Capital,EMPALME,
BAC TEC DR F ESCARDO(IPEM 133),1,5D,9,451,459,3053,1-5D,Capital,MALDONADO,
ESC MARTIN DE GÜEMES,1,5D,9,442,450,3052,1-5D,Capital,MALDONADO,
IPEM 184-M.FRAGUEIRO,1,5D,9,460,468,3056,1-5D,Capital,MALDONADO,
ESC CANONIGO PIÑERO,1,5D,6,436,441,2037,1-5D,Capital,MALDONADO,
ESC TTE GRAL P RICCHIERI,1,5E,6,469,474,2028,1-5E,Capital,VILLA BUSTOS,
IPEM 136 DR ALFREDO PALACIOS,1,5E,6,475,480,2029,1-5E,Capital,VILLA BUSTOS,
ESC M COOPERATIVISMO ARGENTINO,1,5F,14,481,494,4632,1-5F,Capital,RENACIMIENTO,
ESC DGO F SARMIENTO,1,5G,14,505,518,4826,1-5G,Capital,SAN VICENTE,
ESC PTE RIVADAVIA,1,5G,12,519,530,4121,1-5G,Capital,SAN VICENTE,
ESC SANTA MARGARITA DE CORTONA,1,5G,10,495,504,3439,1-5G,Capital,SAN VICENTE,
ESC MARIA IGNACIA NAVARRO DE L,1,5G,9,531,539,3086,1-5G,Capital,SAN VICENTE,
ESC. MADRE MARIA DEL TRANSITO,1,5H,6,540,545,1935,1-5H,Capital,VILLA BOEDO,
ESCUELA HEROES DE MALVINAS,1,5I,8,546,553,2727,1-5I,Capital,COLINAS DEL SUR,
ESC.PTE. JUAN D.PERÓN,1,5I,7,554,560,2375,1-5I,Capital,COLINAS DEL SUR,
ESC MUNICIPAL DR  A SOBRAL,1,6A,1,577,577,295,1-6A,Capital,BAJADA DE PIEDRA,
ESC VAN GELDEREN,1,6B,1,578,578,222,1-6B,Capital,CHACRA DE LA MERCED,
ESC NORMAL GARZON AGULLA,1,6C,15,590,604,5145,1-6C,Capital,GRAL PAZ,
ESC RAMON J CARCANO,1,6C,11,579,589,3789,1-6C,Capital,GRAL PAZ,
IPET N°10 COM MARTIN RIVADAVIA,1,6C,10,605,614,3435,1-6C,Capital,GRAL PAZ,
ESC BRIGADIER C SAAVEDRA,1,6D,11,625,635,3772,1-6D,Capital,JUNIORS,
ESC GABRIELA MISTRAL,1,6D,10,615,624,3436,1-6D,Capital,JUNIORS,
ESC TRANSITO CACERES DE ALLEND,1,6E,7,636,642,2286,1-6E,Capital,LA FLORESTA SUD,
ESC GDOR AMADEO SABATTINI,1,6F,12,655,666,4031,1-6F,Capital,YAPEYU,
ESC R GÜIRALDES,1,6F,12,643,654,4023,1-6F,Capital,YAPEYU,
ESC  UNESCO,1,7A,14,674,687,4684,1-7A,Capital,GUIÑAZU,
IPEM N° 22 JUAN FILLOY,1,7A,6,668,673,2016,1-7A,Capital,GUIÑAZU,
ESC MANUEL LUCERO,1,7B,19,688,706,6575,1-7B,Capital,ALTA CORDOBA,
INST CORAZON DE MARIA,1,7B,14,718,731,4834,1-7B,Capital,ALTA CORDOBA,
INST NUESTRA MADRE DE LA MERCE,1,7B,13,732,744,4487,1-7B,Capital,ALTA CORDOBA,
ESC PCIA DE ENTRE RIOS,1,7B,11,707,717,3807,1-7B,Capital,ALTA CORDOBA,
INST MANUEL LUCERO,1,7B,8,745,752,2767,1-7B,Capital,ALTA CORDOBA,
ESC J NEWBERY,1,7C,1,753,753,10,1-7C,Capital,CNO. A PAJAS BLANCAS,
ESC PTE SARMIENTO,1,7D,11,754,764,3737,1-7D,Capital,COFICO,
ESC. GARCIA FAURE,1,7D,10,773,782,3399,1-7D,Capital,COFICO,
ESC PCIA DE FORMOSA,1,7D,8,765,772,2705,1-7D,Capital,COFICO,
ESC HONORATO LACONI,1,7E,15,783,797,5187,1-7E,Capital,MARQUES DE SOBREMONTE,
ESC PETER PAN,1,7E,15,798,812,5179,1-7E,Capital,MARQUES DE SOBREMONTE,
JOSE LUIS SERCIC,1,7E,8,816,823,2768,1-7E,Capital,MARQUES DE SOBREMONTE,
IPEM 338,1,7E,7,824,830,2411,1-7E,Capital,MARQUES DE SOBREMONTE,
J DE INF B.RIVADAVIA,1,7E,3,813,815,1038,1-7E,Capital,MARQUES DE SOBREMONTE,
ESC JORGE NEWBERY,1,7F,10,831,840,3368,1-7F,Capital,JORGE NEWBERY,
ESC NACIONES UNIDAS,1,7F,9,841,849,3025,1-7F,Capital,JORGE NEWBERY,
IPEM 121 PAEZ MOLINA,1,7F,5,850,854,1679,1-7F,Capital,JORGE NEWBERY,
ESC ARTURO CAPDEVILA,1,7G,12,862,873,4106,1-7G,Capital,PANAMERICANO,
ESC FRANCISCO VIDAL,1,7G,12,874,885,4106,1-7G,Capital,PANAMERICANO,
ESC GOBERNADOR MANUEL LOPEZ,1,7G,7,855,861,2401,1-7G,Capital,PANAMERICANO,
"IPEM 199 ""JUAN EMILIO REMONDA""",1,7G,6,886,891,2058,1-7G,Capital,PANAMERICANO,
ESC EMILIO E SANCHEZ,1,8A,12,895,906,4045,1-8A,Capital,PALMAR,
ESC ROBLES,1,8B,13,942,954,4464,1-8B,Capital,PUEYRREDON,
ESC DEAN FUNES,1,8B,10,922,931,3451,1-8B,Capital,PUEYRREDON,
INST SAGRADO CORAZON,1,8B,10,932,941,3443,1-8B,Capital,PUEYRREDON,
INST SAGRADA FAMILIA,1,8B,9,955,963,3101,1-8B,Capital,PUEYRREDON,
INST OBISPO CAIXAL,1,8B,8,914,921,2756,1-8B,Capital,PUEYRREDON,
ESC FRAY J A DE SAN ALBERTO,1,8B,7,907,913,2406,1-8B,Capital,PUEYRREDON,
ESC ALMIRANTE BROWN,1,8C,12,976,987,4152,1-8C,Capital,VILLA LOS PINOS,
ESC TRINIDAD MORENO(IPEM 174),1,8C,12,964,975,4152,1-8C,Capital,VILLA LOS PINOS,
COL PQUIAL C NAMUNCURA,1,9A,8,1012,1019,2609,1-9A,Capital,LA FRANCE,
ESC MAHATMA GANDHI,1,9A,7,1005,1011,2300,1-9A,Capital,LA FRANCE,
ESC MIGUEL RODRIGUEZ DE LA TOR,1,9B,9,1034,1042,3049,1-9B,Capital,LAS MARGARITAS,
ESC  RICARDO ROJAS (IPEM 35),1,9B,8,1020,1027,2716,1-9B,Capital,LAS MARGARITAS,
ESC CONGRESO DE TUCUMAN,1,9B,6,1028,1033,2043,1-9B,Capital,LAS MARGARITAS,
ESC PCIA  DE MISIONES,1,9C,13,1070,1082,4461,1-9C,Capital,LOS PARAISOS,
COLEGIO FERMIN LAFITTE,1,9C,10,1053,1062,3430,1-9C,Capital,LOS PARAISOS,
ESC DE COMERCIO J J PASO,1,9C,10,1043,1052,3440,1-9C,Capital,LOS PARAISOS,
ESC JUVENILIA,1,9C,7,1063,1069,2405,1-9C,Capital,LOS PARAISOS,
ESC LEOPOLDO LUGONES,1,9D,10,1091,1100,3416,1-9D,Capital,POETA LUGONES,
IPEM 198 MARTIN FERREYRA,1,9D,9,1101,1109,3069,1-9D,Capital,POETA LUGONES,
COL EL SALVADOR,1,9D,8,1083,1090,2730,1-9D,Capital,POETA LUGONES,
ESC PTE HIPOLITO YRIGOYEN,1,9E,15,1110,1124,5067,1-9E,Capital,PROVIDENCIA,
INST INMACULADA CONCEPCION,1,9F,16,1138,1153,5493,1-9F,Capital,SAN MARTIN,
ESC ANTONIO DEL VISO,1,9F,13,1125,1137,4471,1-9F,Capital,SAN MARTIN,
COL NTRA SEÑORA DE LA MERCED,1,9F,8,1161,1168,2747,1-9F,Capital,SAN MARTIN,
ESC J DE SAN MARTIN,1,9F,7,1154,1160,2393,1-9F,Capital,SAN MARTIN,
INSTITUTO PEÑA,1,9G,11,1169,1179,3695,1-9G,Capital,VILLA CABRERA,
ESC PRESIDENTE KENNEDY,1,9G,6,1180,1185,2018,1-9G,Capital,VILLA CABRERA,
ESC PROV D VELEZ SARFIELD,2,15,1,3229,3229,268,2-15,Calamuchita,AMBOY,
ESC PROV. M.BELGRANO,2,16,1,3232,3232,174,2-16,Calamuchita,ATHOS PAMPA,
IPEA Y T 347,2,17,12,3236,3247,4083,2-17,Calamuchita,EMBALSE,
ESCUELA B. ROLDAN,2,17,10,3248,3257,3398,2-17,Calamuchita,EMBALSE,
ESC PROV DOMINGO F SARMIENTO,2,18,3,3258,3260,950,2-18,Calamuchita,LA CRUZ,
INST DR D VELEZ SARSFIELD,2,18,2,3261,3262,627,2-18,Calamuchita,LA CRUZ,
ESC BALDOMERO E FERNANDEZ M,2,19,5,3267,3271,1637,2-19,Calamuchita,LOS CONDORES,
COLEGIO SAGRADO CORAZON,2,19,4,3272,3275,1308,2-19,Calamuchita,LOS CONDORES,
ESC PROV PEDRO B PALACIOS,2,20,5,3276,3280,1600,2-20,Calamuchita,LOS REARTES,
ESC. DR. JUAN M. ALBARENQUE,2,21,1,3311,3311,279,2-21,Calamuchita,LAS BAJADAS,
ESC. PROV. D.F. SARMIENTO,2,22,4,3312,3315,1155,2-22,Calamuchita,RIO DE LOS SAUCES,
IPEM 390,2,23,6,3316,3321,1822,2-23,Calamuchita,VILLA YACANTO,
ESC PROV PRIMERA JUNTA,2,24,8,3322,3329,2785,2-24,Calamuchita,RUMIPAL,
COLEGIO SAN JOSE,2,25,5,3346,3350,1588,2-25,Calamuchita,SAN AGUSTIN,
ESC. PROV.GRAL. SAN MARTIN,2,25,5,3341,3345,1595,2-25,Calamuchita,SAN AGUSTIN,
ESC. PROV.M. MORENO,2,26,11,3364,3374,3808,2-26,Calamuchita,SANTA ROSA,
INST PARR SAN JUAN DIEGO,2,26,11,3353,3363,3798,2-26,Calamuchita,SANTA ROSA,
SAN FRANCISCO DE ASIS,2,26,9,3381,3389,3115,2-26,Calamuchita,SANTA ROSA,
COLEGIO NAC. DR.D.V. SARSFIELD,2,26,6,3375,3380,2059,2-26,Calamuchita,SANTA ROSA,
ESC.PROV.R.SAENZ PEÑA,2,15A,2,3230,3231,648,2-15A,Calamuchita,VILLA AMANCAY,
ESCUELA N° 404,2,16A,1,3233,3233,114,2-16A,Calamuchita,VILLA LA MERCED,
ESC.PROV. F.AMEGHINO,2,16B,1,3234,3234,13,2-16B,Calamuchita,CHAMPAQUI,
ESC. JOAQUIN V. GONZALEZ,2,16C,1,3235,3235,103,2-16C,Calamuchita,VILLA BERNA,
ESC. PROV. L. LUGONES,2,18A,1,3263,3263,161,2-18A,Calamuchita,LUTTI,
ESCUELA PROVINCIAL,2,18B,1,3264,3264,226,2-18B,Calamuchita,CALERAS DE CALAMUCHITA,
ESC.PROV. A.ALSINA,2,18C,1,3265,3265,91,2-18C,Calamuchita,VILLA CAÑADA DEL SAUCE,
ESC.PROV.PADRE FELIX ENRIQUE,2,18D,1,3266,3266,217,2-18D,Calamuchita,VILLA QUILLINZO,
ESC.GRAL J. DE SAN MARTIN,2,20A,9,3281,3289,3104,2-20A,Calamuchita,VILLA GENERAL BELGRANO,
COLEGIO ARGENTINO GERMANO,2,20A,8,3298,3305,2813,2-20A,Calamuchita,VILLA GENERAL BELGRANO,
ESC. DE COM. D. DE ROJAS,2,20A,8,3290,3297,2760,2-20A,Calamuchita,VILLA GENERAL BELGRANO,
ESC DR R LUTI EX ELEOY GOMEZ,2,20B,5,3306,3310,1456,2-20B,Calamuchita,VI.CIUD.PQUE.LOS REARTES,
ESC.PROV.ALMIRANTE BROWN,2,24A,11,3330,3340,3616,2-24A,Calamuchita,VILLA DEL DIQUE,
ESC.PROV.M.GUEMES,2,25A,1,3351,3351,141,2-25A,Calamuchita,CALMAYO,
ESC PROV JUAN LARREA,2,25B,1,3352,3352,315,2-25B,Calamuchita,LOS MOLINOS,
ESCUELA N° 481,2,26A,1,3390,3390,173,2-26A,Calamuchita,SEGUNDA USINA,
ESC.PROV.DEAN FUNES,2,26B,1,3391,3391,169,2-26B,Calamuchita,SAN IGNACIO,
ESC BARTOLOME MITRE,2,328A,3,3392,3394,832,2-328A,Calamuchita,LA CUMBRECITA,
ESCUELA DR. PABLO RUEDA,3,27,6,3395,3400,2045,3-27,Colón,ASCOCHINGA,
ESC ING ALBERTO R MASCIAS,3,27,4,3401,3404,1367,3-27,Colón,ASCOCHINGA,
INSTITUTO D.F.SARMIENTO,3,28,18,3421,3438,6191,3-28,Colón,CALERA,
ESCUELA PROV.J.J.PASO-CENMA,3,28,11,3439,3449,3779,3-28,Colón,CALERA,
INSTITUTO JESUS MARIA,3,28,11,3450,3460,3787,3-28,Colón,CALERA,
ESC ELADIO DIEZ,3,28,8,3405,3412,2758,3-28,Colón,CALERA,
IPEM N° 73 MARGARITA WEILD,3,28,8,3413,3420,2762,3-28,Colón,CALERA,
COLEGIO PIO LEON,3,29,12,3501,3512,4161,3-29,Colón,COLONIA CAROYA,
ESC. PRESBITERO BONORIS,3,29,11,3533,3543,3781,3-29,Colón,COLONIA CAROYA,
ESC. PROV. GRAL SAN MARTIN,3,29,10,3523,3532,3457,3-29,Colón,COLONIA CAROYA,
ESC.PROV. M. BELGRANO,3,29,10,3513,3522,3463,3-29,Colón,COLONIA CAROYA,
ESCUELA M. MORENO,3,29,8,3544,3551,2767,3-29,Colón,COLONIA CAROYA,
IPET 83 RENE FAVALORO,3,30,11,3553,3563,3714,3-30,Colón,COLONIA TIROLESA,
ESC PROV DR PABLO RUEDA,3,30,9,3564,3572,3045,3-30,Colón,COLONIA TIROLESA,
ESC.PROV.A.ARGENTINA,3,31,4,3573,3576,1243,3-31,Colón,EL MANZANO,
ESC PROV GRAL JOSE MARIA PAZ,3,32,6,3587,3592,1969,3-32,Colón,GENERAL PAZ,
ESC.PROVC.F.O. DE OCAMPO,3,33,15,3646,3660,5199,3-33,Colón,JESUS MARIA,
PTE DOMINGO F SARMIENTO,3,33,15,3593,3607,5207,3-33,Colón,JESUS MARIA,
ESC.DR. J.M.ESTRADA N° 221,3,33,13,3621,3633,4511,3-33,Colón,JESUS MARIA,
I.P.E.T.N° 69  JUANA MANSO,3,33,13,3608,3620,4511,3-33,Colón,JESUS MARIA,
ESC.PROV.1ER.TTE.MORANDINI,3,33,12,3634,3645,4157,3-33,Colón,JESUS MARIA,
"ESC,N°21 GENDARMERIA NACIONAL",3,33,10,3668,3677,3472,3-33,Colón,JESUS MARIA,
COL.NTA.SRA. DEL HUERTO,3,33,7,3661,3667,2420,3-33,Colón,JESUS MARIA,
ESC PROV LEOPOLDO LUGONES,3,34,11,3679,3689,3737,3-34,Colón,JUAREZ CELMAN,
ESC.ATAHUALPA YUPANQUI,3,34,10,3698,3707,3402,3-34,Colón,JUAREZ CELMAN,
ESC.COMODORO R. SILIONI,3,34,8,3690,3697,2720,3-34,Colón,JUAREZ CELMAN,
IPET 333 JULIO SALUSSO,3,34,6,3708,3713,2046,3-34,Colón,JUAREZ CELMAN,
I.P.E.M. N° 24,3,35,17,3736,3752,5830,3-35,Colón,MALVINAS ARGENTINAS,
ESC CIUDAD DE MALVINAS ARGENT.,3,35,12,3724,3735,4131,3-35,Colón,MALVINAS ARGENTINAS,
ESC.CAP.LUIS C.CANDELARIA,3,35,10,3714,3723,3442,3-35,Colón,MALVINAS ARGENTINAS,
ESC PROV SARGENTO CABRAL,3,36,1,3757,3757,320,3-36,Colón,LA PUERTA,
IPEM N° 352,3,37,14,3758,3771,4797,3-37,Colón,RIO CEBALLOS,
ESC.PROV.M.FRAGUEIRO,3,37,13,3772,3784,4462,3-37,Colón,RIO CEBALLOS,
I.P.E.M.144-MARIANO MORENO,3,37,12,3785,3796,4106,3-37,Colón,RIO CEBALLOS,
INSTITUTO DEL ESPIRITU SANTO,3,37,12,3797,3808,4105,3-37,Colón,RIO CEBALLOS,
ESC.CONSTANCIO C. VIGIL,3,37,7,3809,3815,2400,3-37,Colón,RIO CEBALLOS,
ESC.PROV. J.MALDONADO,3,38,12,3826,3837,4158,3-38,Colón,SALSIPUEDES,
INST SECUNDARIO SALSIPUEDES,3,38,8,3818,3825,2776,3-38,Colón,SALSIPUEDES,
ESCUELA RECONQUISTA,3,38,7,3838,3844,2423,3-38,Colón,SALSIPUEDES,
JARDIN LA RECONQUISTA,3,38,2,3816,3817,693,3-38,Colón,SALSIPUEDES,
ESC.PROV. FRAY M.ESQUIU,3,39,1,3845,3845,56,3-39,Colón,SANTA TERESA,
I.P.E.M. N° 78,3,40,15,3873,3887,5194,3-40,Colón,UNQUILLO,
INST.PARROQ.NTA.SRA DE LOURDES,3,40,11,3888,3898,3814,3-40,Colón,UNQUILLO,
ESC.PROV. D.V.SARSFIELD,3,40,9,3855,3863,3116,3-40,Colón,UNQUILLO,
I.P.E.M. N° 23,3,40,9,3864,3872,3118,3-40,Colón,UNQUILLO,
INST.NTA.SRA.DE LAS MERCEDES,3,40,9,3846,3854,3123,3-40,Colón,UNQUILLO,
INST GRAL S.MARTIN/17 DE AGOST,3,41,27,3977,4003,9314,3-41,Colón,VILLA ALLENDE,
ESC.PROV. J.DE SAN MARTIN,3,41,13,3944,3956,4502,3-41,Colón,VILLA ALLENDE,
COLEGIO SAN JOSE,3,41,12,3957,3968,4165,3-41,Colón,VILLA ALLENDE,
COLEGIO MARYLAND,3,41,10,3934,3943,3459,3-41,Colón,VILLA ALLENDE,
INSTITUTO NTA.SRA. DE LUJAN,3,41,10,4004,4013,3442,3-41,Colón,VILLA ALLENDE,
IPEM 130 RAUL DEL LLANO,3,41,9,4014,4022,3119,3-41,Colón,VILLA ALLENDE,
INSTITUTO PAULA A.DE SARMIENTO,3,41,8,3969,3976,2770,3-41,Colón,VILLA ALLENDE,
ESC.TTE. J.R. IBARZABAL,3,28A,15,3464,3478,5146,3-28A,Colón,CALERA CENTRAL,
CENTRO EDUCATIVO GRAL SAN MART,3,28A,9,3479,3487,3091,3-28A,Colón,CALERA CENTRAL,
EX ANEXO MARGARITA W DE PAZ,3,28A,9,3488,3496,3091,3-28A,Colón,CALERA CENTRAL,
MANUEL BELGRANO,3,28A,4,3497,3500,1373,3-28A,Colón,CALERA CENTRAL,
JARDIN IBARSABAL,3,28A,3,3461,3463,1032,3-28A,Colón,CALERA CENTRAL,
ESC.PROV.B.RIVADAVIA,3,29A,1,3552,3552,289,3-29A,Colón,TINOCO,
ESC.PROV.V.MERCANTE,3,31A,5,3577,3581,1552,3-31A,Colón,AGUA DE ORO,
INST SECUNDARIO AGUA DE ORO,3,31A,3,3582,3584,933,3-31A,Colón,AGUA DE ORO,
LOCAL COMUNAL,3,31B,2,3585,3586,390,3-31B,Colón,VILLA CERRO AZUL,
ESC PROV VICENTE AGUERO,3,33A,1,3678,3678,267,3-33A,Colón,COLONIA VICENTE AGÜERO,
ESC PRIMARIA MI GRANJA,3,35A,4,3753,3756,1092,3-35A,Colón,MI GRANJA,
ESC.PIAS DE MENDIOLAZA,3,40A,12,3899,3910,4102,3-40A,Colón,MENDIOLAZA,
I.P.E.M.N° 3178,3,40A,12,3922,3933,4099,3-40A,Colón,MENDIOLAZA,
ESC.PROV. D.F.SARMIENTO,3,40A,11,3911,3921,3764,3-40A,Colón,MENDIOLAZA,
ESCUELA NOGAL HISTORICO,3,41A,15,4025,4039,5236,3-41A,Colón,SALDAN,
ESC.DE COMERCIO J.M.PAZ,3,41A,14,4040,4053,4870,3-41A,Colón,SALDAN,
ESCUELA DANDELION,3,41A,5,4054,4058,1745,3-41A,Colón,SALDAN,
JARDIN NOGAL HISTORICO,3,41A,2,4023,4024,694,3-41A,Colón,SALDAN,
ESCUELA PROV.M. MORENO,4,42,3,4059,4061,712,4-42,Cruz del Eje,BAÑADO DE SOTO,
ES PROV PATRICIAS ARGENTINA,4,43,1,4062,4062,41,4-43,Cruz del Eje,CANDELARIA,
IPEM N° 253,4,44,16,4066,4081,5534,4-44,Cruz del Eje,CRUZ DEL EJE,
ESCUELA NORMAL,4,44,15,4114,4128,5196,4-44,Cruz del Eje,CRUZ DEL EJE,
ESC.E. BAVIO,4,44,13,4101,4113,4498,4-44,Cruz del Eje,CRUZ DEL EJE,
ESC.PROV.D.F.SARMIENTO,4,44,13,4088,4100,4492,4-44,Cruz del Eje,CRUZ DEL EJE,
IPEM 273 M. BELGRANO,4,44,13,4129,4141,4493,4-44,Cruz del Eje,CRUZ DEL EJE,
COLEGIO NTA.SRA.DEL VALLE,4,44,6,4082,4087,2079,4-44,Cruz del Eje,CRUZ DEL EJE,
ESC PROV MANUEL BELGRANO,4,45,4,4145,4148,1383,4-45,Cruz del Eje,EL BRETE,
ESC PROV GRAL SAN MARTIN,4,46,3,4149,4151,843,4-46,Cruz del Eje,GUANACO MUERTO,
ESC PROV JOSE MARIA PAZ,4,47,1,4154,4154,92,4-47,Cruz del Eje,IGLESIA VIEJA,
ESC PROV GRAL SAN MARTIN,4,48,2,4155,4156,500,4-48,Cruz del Eje,LA HIGUERA,
ESC.PROV.M.MORENO,4,49,1,4157,4157,93,4-49,Cruz del Eje,LOS SAUCES,
ESCUELA M. GUEMES,4,50,3,4158,4160,997,4-50,Cruz del Eje,MEDIA NARANJA,
I.P.E.A. N° 306 DR A SABATTINI,4,51,4,4164,4167,1071,4-51,Cruz del Eje,PASO VIEJO,
ESC.PROV.J.V.GONZALEZ,4,52,1,4169,4169,126,4-52,Cruz del Eje,PICHANAS,
ESC.PROV. BME. MITRE,4,53,1,4170,4170,29,4-53,Cruz del Eje,SAN ANTONIO,
ESC PROV PTE ROQUE SAENZ PEÑA,4,54,8,4173,4180,2658,4-54,Cruz del Eje,SAN MARCOS SIERRAS,
ESC.PROV.B.RIVADAVIA,4,55,8,4182,4189,2644,4-55,Cruz del Eje,SERREZUELA,
ESC.PADRE B.DE LAS CASAS,4,56,9,4191,4199,3016,4-56,Cruz del Eje,SOTO,
E.N.E.T. N°1,4,56,5,4204,4208,1675,4-56,Cruz del Eje,SOTO,
ESC NICOLAS AVELLANEDA,4,56,5,4209,4213,1663,4-56,Cruz del Eje,SOTO,
INSTITUTO SANTO DOMINGO,4,56,4,4200,4203,1343,4-56,Cruz del Eje,SOTO,
ESC.PROV.J.J.CASTELLI,4,57,4,4214,4217,1393,4-57,Cruz del Eje,TUCLAME,
ESC.GRAL FRANCISO O DE OCAMPO,4,43A,1,4063,4063,178,4-43A,Cruz del Eje,LAS CAÑADAS,
ESC PROV JUAN B ALBERDI,4,43B,1,4064,4064,212,4-43B,Cruz del Eje,CRUZ DE CAÑA,
ESC PROV JUAN B ALBERDI,4,43C,1,4065,4065,3,4-43C,Cruz del Eje,CIENAGA DE BRITOS,
ESC.PROV.PCIA.DE LA RIOJA,4,44A,3,4142,4144,741,4-44A,Cruz del Eje,LAS PLAYAS,
ESCUELA PROVINCIAL,4,46B,2,4152,4153,369,4-46B,Cruz del Eje,ALTO DE LOS QUEBRACHOS,
ESC DOMINGO F SARMIENTO,4,50A,3,4161,4163,789,4-50A,Cruz del Eje,LOS CHAÑARITOS,
ESC.PROV.J.M.PAZ,4,51A,1,4168,4168,68,4-51A,Cruz del Eje,SANTA ANA,
ESC. R.S. DE CALDELARI,4,53A,1,4171,4171,57,4-53A,Cruz del Eje,LOS LEONES,
ESCUELA N°395(MANUEL LUCERO),4,53B,1,4172,4172,43,4-53B,Cruz del Eje,EL ABRA,
ESC JUANA PAULA MANSO,4,54A,1,4181,4181,60,4-54A,Cruz del Eje,CANTERAS QUILPO,
ESC.PROV.DEAN G.FUNES,4,55A,1,4190,4190,191,4-55A,Cruz del Eje,LA BATEA,
ESC.PROV. J.J. PASO,5,58,1,4218,4218,316,5-58,General Roca,BRUZONE,
ESC PROV JOSE MARIA PAZ,5,59,6,4219,4224,1763,5-59,General Roca,BUCHARDO,
ESCUELA J.M.PAZ,5,60,7,4225,4231,2213,5-60,General Roca,DEL CAMPILLO,
I.P.E.M. N° 219,5,60,3,4232,4234,945,5-60,General Roca,DEL CAMPILLO,
ESC.PROV. D.F. SARMIENTO,5,61,10,4235,4244,3404,5-61,General Roca,HUINCA RENANCO,
COLEGIO NAC. L.V.MANSILLA,5,61,7,4250,4256,2392,5-61,General Roca,HUINCA RENANCO,
ESC.PASO DE LOS ANDES,5,61,5,4245,4249,1701,5-61,General Roca,HUINCA RENANCO,
ESC DR BENJAMIN DUPONT,5,62,4,4257,4260,1055,5-62,General Roca,ITALO,
ESC.PROV.D.F. SARMIENTO,5,63,7,4261,4267,2365,5-63,General Roca,JOVITA,
I.P.E.M. N° 221,5,63,6,4268,4273,2026,5-63,General Roca,JOVITA,
ESC PROV MANUEL BELGRANO,5,65,1,4274,4274,16,5-65,General Roca,LECUEDER,
ESC.PROV. SAN LUIS,5,66,5,4275,4279,1589,5-66,General Roca,MATTALDI,
ESC.PROV. V. MERCANTE,5,67,1,4280,4280,61,5-67,General Roca,ONAGOITY,
ESC. ING.A.EBELOT,5,68,1,4281,4281,247,5-68,General Roca,PINCEN,
ESC.PROV.F.N.LAPRIDA,5,69,1,4282,4282,42,5-69,General Roca,RANQUELES,
INST. DE LOS SAGRADOS CORAZONE,5,70,8,4283,4290,2679,5-70,General Roca,VILLA HUIDOBRO,
ESC.PROV.M.BELGRANO,5,70,7,4291,4297,2339,5-70,General Roca,VILLA HUIDOBRO,
ESC.PROV. D.F.SARMIENTO,5,71,1,4298,4298,307,5-71,General Roca,VILLA SARMIENTO,
ESC.PROV.J.CROTTO,5,72,9,4299,4307,2786,5-72,General Roca,VILLA VALERIA,
ESC.PROV. A.ARGENTINA,6,73,5,4308,4312,1572,6-73,General San Martín,ARROYO ALGODON,
INST. SEC. COM. SAN JOSE,6,74,5,4313,4317,1648,6-74,General San Martín,ARROYO CABRAL,
ESC.PROV.D.V.SARSFIELD,6,74,4,4318,4321,1315,6-74,General San Martín,ARROYO CABRAL,
ESC.PROV.GRAL SAN MARTIN,6,75,3,4322,4324,989,6-75,General San Martín,AUSONIA,
ESC PROV M R DE LA TORRE,6,76,3,4325,4327,1035,6-76,General San Martín,CHAZON,
ESC.PROV. 12 DE OCTUBRE,6,77,6,4333,4338,2038,6-77,General San Martín,ETRURIA,
INSTITUTO SEC. GRAL PAZ,6,77,5,4328,4332,1685,6-77,General San Martín,ETRURIA,
ESC ESTEBAN ECHEVERRIA,6,78,4,4339,4342,1380,6-78,General San Martín,LA LAGUNA,
ESC.PROV. 25 DE MAYO,6,79,9,4343,4351,2917,6-79,General San Martín,LA PLAYOSA,
ESC.PROV.J.V.GONZALEZ,6,80,2,4352,4353,580,6-80,General San Martín,LUCA,
ESC.PROV. ISLAS MALVINAS,6,81,1,4354,4354,59,6-81,General San Martín,MOJARRAS,
ESC PROV CMTE L PIEDRABUENA,6,82,2,4355,4356,569,6-82,General San Martín,PALESTINA,
ESC.PROV.D.F.SARMIENTO,6,83,4,4357,4360,1260,6-83,General San Martín,PASCO,
ESC PROV JOSE DE SAN MARTIN,6,84,1,4361,4361,33,6-84,General San Martín,SANABRIA,
ESC.PROV.M.GUEMES,6,86,2,4362,4363,667,6-86,General San Martín,SILVIO PELLICO,
ESC. A. CAPDEVILA,6,87,6,4364,4369,1998,6-87,General San Martín,TICINO,
ESC.R.DE ESCALADA,6,88,10,4370,4379,3222,6-88,General San Martín,TIO PUJIO,
INSTITUTO DEL ROSARIO,6,89,30,4414,4443,10389,6-89,General San Martín,VILLA MARIA,
ESC.N.V.MERCANTE,6,89,29,4458,4486,10057,6-89,General San Martín,VILLA MARIA,
INSTITUTO FUNESIL,6,89,23,4566,4588,7974,6-89,General San Martín,VILLA MARIA,
IPEM N°275 EX COLEGIO NACIONAL,6,89,15,4487,4501,5202,6-89,General San Martín,VILLA MARIA,
ESC.N.AVELLANEDA,6,89,14,4444,4457,4839,6-89,General San Martín,VILLA MARIA,
I.P.E.T. N° 2,6,89,14,4514,4527,4854,6-89,General San Martín,VILLA MARIA,
ESC.J.INGENIEROS,6,89,13,4528,4540,4498,6-89,General San Martín,VILLA MARIA,
ESC.COM.A.OCAMPO,6,89,12,4502,4513,4157,6-89,General San Martín,VILLA MARIA,
ESC.DR. J.BIANCO,6,89,12,4392,4403,4157,6-89,General San Martín,VILLA MARIA,
INSTITUTO SAN ANTONIO,6,89,11,4549,4559,3811,6-89,General San Martín,VILLA MARIA,
ESC.REP.DEL PARAGUAY,6,89,10,4404,4413,3471,6-89,General San Martín,VILLA MARIA,
ESCUELA J.MARMOL,6,89,10,4382,4391,3477,6-89,General San Martín,VILLA MARIA,
CENMA N° 96,6,89,8,4541,4548,2766,6-89,General San Martín,VILLA MARIA,
INSTITUTO SEC. M.BELGRANO,6,89,6,4560,4565,2086,6-89,General San Martín,VILLA MARIA,
ESC.M.BELGRANO,6,90,11,4627,4637,3757,6-90,General San Martín,VILLA NUEVA,
ESCUELA PABLO VI,6,90,10,4607,4616,3434,6-90,General San Martín,VILLA NUEVA,
INSTITUTO INMAC.CONCEPCION,6,90,10,4617,4626,3428,6-90,General San Martín,VILLA NUEVA,
IPEM N° 322,6,90,10,4597,4606,3433,6-90,General San Martín,VILLA NUEVA,
ESC.BME.MITRE,6,90,8,4589,4596,2739,6-90,General San Martín,VILLA NUEVA,
ESC.REP.DE BOLIVIA,6,90,7,4638,4644,2398,6-90,General San Martín,VILLA NUEVA,
JAR.BME.MITRE,6,90,1,4645,4645,342,6-90,General San Martín,VILLA NUEVA,
ESC.R.DE ESCALADA,6,88A,1,4380,4380,3,6-88A,General San Martín,SANTA RITA,
ESC.R.DE ESCALADA,6,88B,1,4381,4381,6,6-88B,General San Martín,SAN ANTONIO DE YUCAT,
ESC.PROV.FRAY M. ESQUIU,7,91,2,4646,4647,498,7-91,Ischilín,AVELLANEDA,
ESC.PROV.H.VIEYTES,7,92,2,4651,4652,393,7-92,Ischilín,CAÑADA DE RIO PINTO,
ESC JUAN M DE PUEYRREDON,7,93,2,4653,4654,376,7-93,Ischilín,COPACABANA,
ESC PROV GRAL M GUEMES,7,94,2,4655,4656,585,7-94,Ischilín,CHUÑA,
ESC.PEDRO N.ARIAS,7,95,11,4676,4686,3803,7-95,Ischilín,DEAN FUNES,
ESC.M.J.G.DE BELGRANO,7,95,10,4666,4675,3459,7-95,Ischilín,DEAN FUNES,
ESC.PROV. M.MORENO,7,95,10,4687,4696,3448,7-95,Ischilín,DEAN FUNES,
ESC.A.M.SOBRAL,7,95,9,4697,4705,3104,7-95,Ischilín,DEAN FUNES,
ESC.PROV.GRAL SAN MARTIN,7,95,9,4657,4665,3103,7-95,Ischilín,DEAN FUNES,
ESC.AMANDA SUAREZ CORDOBA,7,95,7,4706,4712,2407,7-95,Ischilín,DEAN FUNES,
ESCUELA FERNANDO FADER,7,97,1,4715,4715,71,7-97,Ischilín,ISCHILIN,
ESCUELA FRAY GUILLERMO BUTLER,7,98,1,4716,4716,63,7-98,Ischilín,JAIME PETER,
ESC.PROVINCIA DE BS.AIRES,7,99,8,4717,4724,2625,7-99,Ischilín,QUILINO ESTACION,
ESC.PROV.M.BELGRANO,7,99,5,4725,4729,1638,7-99,Ischilín,QUILINO ESTACION,
ESC.PROV.D.V.SARSFIELD,7,100,4,4730,4733,1173,7-100,Ischilín,QUILINO VILLA,
ESC PROV JOAQUIN V GONZALEZ,7,101,1,4734,4734,89,7-101,Ischilín,TOYOS,
ESC.PROV.J.V.RECLA,7,91A,1,4648,4648,23,7-91A,Ischilín,CANTERAS,
ESC LIB GRAL SAN MARTIN,7,91B,1,4649,4649,141,7-91B,Ischilín,LOS POZOS,
"ESC,PROV.M.MARTINEZ DE SUAREZ",7,91C,1,4650,4650,316,7-91C,Ischilín,VILLA GUTIERREZ,
ESC.PROV.GUIDO SPANO,7,96A,2,4713,4714,564,7-96A,Ischilín,OLIVARES SAN NICOLAS,
ESC.EL GRAN CAPITAN,8,102,9,4735,4743,2941,8-102,Juárez Celman,ALEJANDRO,
ESC.MISIONEROS SALESIANOS,8,102,7,4744,4750,2285,8-102,Juárez Celman,ALEJANDRO,
ESC.PROV.D.F.SARMIENTO,8,103,1,4751,4751,93,8-103,Juárez Celman,ASSUNTA,
ESC.DR JUAN MANUEL PEREYRA,8,105,3,4752,4754,1013,8-105,Juárez Celman,BENGOLEA,
INST. G.L.DE CABRERA,8,106,9,4755,4763,3073,8-106,Juárez Celman,CABRERA,
ESC.PROV.J.M.PAZ,8,106,8,4764,4771,2725,8-106,Juárez Celman,CABRERA,
"ESC,PROV.E.F.OLMOS",8,106,7,4779,4785,2392,8-106,Juárez Celman,CABRERA,
ESC.FRAY PIO BENTIVOGLIO,8,106,7,4772,4778,2393,8-106,Juárez Celman,CABRERA,
ESC.TTE. 1°M.C.ASUA,8,107,6,4786,4791,1953,8-107,Juárez Celman,CARNERILLO,
ESC TTE CNEL J DUATE ARDOY,8,108,4,4792,4795,1064,8-108,Juárez Celman,CHARRAS,
ESC.PROV.GRAL SAN MARTIN,8,109,11,4808,4818,3731,8-109,Juárez Celman,DEHEZA,
ESC.ESPECIAL AMANECER,8,109,6,4796,4801,2034,8-109,Juárez Celman,DEHEZA,
INST.TEC.ADRIAN P. URQUIA,8,109,6,4819,4824,2034,8-109,Juárez Celman,DEHEZA,
INSTITUTO SEC. 25 DE MAYO,8,109,6,4802,4807,2037,8-109,Juárez Celman,DEHEZA,
ESC CARLOS MARIA DE ALVEAR,8,110,1,4825,4825,84,8-110,Juárez Celman,EL RASTREADOR,
ESC PROV DOMINGO F SARMIENTO,8,111,4,4827,4830,1158,8-111,Juárez Celman,HUANCHILLA,
ESC.FORTIN HEROICO,8,112,12,4852,4863,4068,8-112,Juárez Celman,LA CARLOTA,
ESC.NAC.DE COMERCIO,8,112,12,4840,4851,4064,8-112,Juárez Celman,LA CARLOTA,
INST.NTA.M.DE LAS MERCEDES,8,112,9,4831,4839,3060,8-112,Juárez Celman,LA CARLOTA,
ESC DOMINGO F SARMIENTO,8,113,3,4864,4866,776,8-113,Juárez Celman,LOS CISNES,
ESCUELA PROV.FRENCH Y BERUTTI,8,114,2,4867,4868,659,8-114,Juárez Celman,OLAETA,
ESC.CAP. F.D.ZARCO,8,116,5,4869,4873,1526,8-116,Juárez Celman,REDUCCION,
INSTITUTO DR.M. BELGRANO,8,117,7,4875,4881,2149,8-117,Juárez Celman,SANTA EUFEMIA,
ESC.PROV.J.B.ALBERDI,8,118,8,4882,4889,2623,8-118,Juárez Celman,UCACHA,
ESC.MARTIN GUERRICO,8,118,7,4890,4896,2290,8-118,Juárez Celman,UCACHA,
"ESC,PROV.M.BELGRANO",8,110A,1,4826,4826,85,8-110A,Juárez Celman,PACHECO DE MELO,
ESC.PROV.MARTIN DE ALVA,8,116A,1,4874,4874,136,8-116A,Juárez Celman,PASO DEL DURAZNO,
ESC.PROV.D.F.SARMIENTO,9,119,4,4903,4906,1260,9-119,Marcos Juárez,ALEJO LEDESMA,
INSTITUTO SEC. V.SARSFIELD,9,119,4,4897,4900,1265,9-119,Marcos Juárez,ALEJO LEDESMA,
ESCUELA N.AVELLANEDA,9,119,2,4901,4902,633,9-119,Marcos Juárez,ALEJO LEDESMA,
ESC.R.ESCALADA DE SAN MARTIN,9,120,10,4907,4916,3356,9-120,Marcos Juárez,ARIAS,
ESC.PROV.SGTO.CABRAL,9,120,9,4917,4925,3021,9-120,Marcos Juárez,ARIAS,
ESC JOSE MARIA PAZ,9,121,6,4926,4931,2024,9-121,Marcos Juárez,BALDISSERA,
ESC PROV DOMINGO F SARMIENTO,9,122,2,4932,4933,376,9-122,Marcos Juárez,BARGE,
IPEM N°151 J URBIZU,9,123,7,4934,4940,2358,9-123,Marcos Juárez,CAMILO ALDAO,
ESC JUAN BAUTISTA ALBERDI,9,123,5,4941,4945,1679,9-123,Marcos Juárez,CAMILO ALDAO,
ESC.SEC.TOMAS THOMAS,9,124,4,4946,4949,1059,9-124,Marcos Juárez,CAVANAGH,
INST. SUP. JOSE MANUEL ESTRADA,9,125,9,4950,4958,3062,9-125,Marcos Juárez,CORRAL DE BUSTOS,
COLEGIO JUAN XXIII,9,125,6,4965,4970,2038,9-125,Marcos Juárez,CORRAL DE BUSTOS,
ESC R ESCALADA DE SAN MARTIN,9,125,6,4959,4964,2029,9-125,Marcos Juárez,CORRAL DE BUSTOS,
ESC NOR SUP MAESTROS ARGENTINO,9,125,5,4971,4975,1685,9-125,Marcos Juárez,CORRAL DE BUSTOS,
COLEGIO SANTA JUANA DE ARCO,9,126,7,4976,4982,2403,9-126,Marcos Juárez,CRUZ ALTA,
IPEM 276 DR L COLOCCINI (EX276,9,126,7,4983,4989,2401,9-126,Marcos Juárez,CRUZ ALTA,
ESC LIB GRAL SAN MARTIN,9,126,4,4990,4993,1377,9-126,Marcos Juárez,CRUZ ALTA,
ESC DALMACIO VELEZ SARSFIELD,9,127,6,4994,4999,2046,9-127,Marcos Juárez,GUATIMOZIN,
ESC MARIANO MORENO,9,128,5,5005,5009,1719,9-128,Marcos Juárez,INRIVILLE,
INST JOSE MARIA PAZ,9,128,5,5000,5004,1720,9-128,Marcos Juárez,INRIVILLE,
INST SEC ISLA VERDE,9,129,12,5011,5022,4174,9-129,Marcos Juárez,ISLA VERDE,
ESC.PROV.GRAL SAN MARTIN,9,130,2,5023,5024,676,9-130,Marcos Juárez,LA ITALIANA,
ESC DE COMERCIO Y BACHILLERATO,9,131,11,5041,5051,3800,9-131,Marcos Juárez,LEONES,
ESC JOAQUIN V GONZALEZ,9,131,9,5025,5033,3110,9-131,Marcos Juárez,LEONES,
IPEM N°256-LIB GRAL SAN MARTIN,9,131,7,5034,5040,2436,9-131,Marcos Juárez,LEONES,
ESC GENERAL SAN MARTIN,9,132,8,5053,5060,2472,9-132,Marcos Juárez,LOS SURGENTES,
ESC NORMAL SUP DR M BELGRANO,9,133,15,5073,5087,5221,9-133,Marcos Juárez,MARCOS JUAREZ,
COLEGIO SAGRADO CORAZON,9,133,12,5061,5072,4174,9-133,Marcos Juárez,MARCOS JUAREZ,
IPEM N°51 NICOLAS AVELLANEDA,9,133,11,5098,5108,3828,9-133,Marcos Juárez,MARCOS JUAREZ,
ESC BERNARDINO RIVADAVIA,9,133,10,5088,5097,3481,9-133,Marcos Juárez,MARCOS JUAREZ,
ESC MARIANO MORENO,9,133,8,5109,5116,2789,9-133,Marcos Juárez,MARCOS JUAREZ,
ESCUELA BARTOLOME MITRE,9,133,7,5117,5123,2440,9-133,Marcos Juárez,MARCOS JUAREZ,
INSTITUTO MARIA INMACULADA,9,133,5,5124,5128,1740,9-133,Marcos Juárez,MARCOS JUAREZ,
ESC JOSE MANUEL ESTRADA,9,134,8,5129,5136,2650,9-134,Marcos Juárez,MONTE BUEY,
ESC MANUEL BELGRANO,9,134,6,5137,5142,1985,9-134,Marcos Juárez,MONTE BUEY,
INST.SEC.GRAL J.M.PAZ,9,134,3,5143,5145,990,9-134,Marcos Juárez,MONTE BUEY,
ESC.PROV.GRAL SAN MARTIN,9,135,1,5146,5146,322,9-135,Marcos Juárez,CAP.B.O HIGGINS,
ESC ROQUE SAENZ PEÑA,9,136,5,5147,5151,1645,9-136,Marcos Juárez,ROCA,
ESC 9 DE JULIO,9,136,3,5152,5154,993,9-136,Marcos Juárez,ROCA,
INSTITUTO MANUEL BELGRANO,9,137,3,5155,5157,774,9-137,Marcos Juárez,SAIRA,
ESC.PROV.PAULA ALBARRACIN,9,128A,1,5010,5010,139,9-128A,Marcos Juárez,SALADILLO,
ESCUELA VICTORIA OCAMPO,9,131A,1,5052,5052,28,9-131A,Marcos Juárez,VILLA ELISA,
ESC PROV COMTE ROSENDO LEAL,10,138,3,5158,5160,887,10-138,Minas,CIENAGA DEL CORO,
LOCAL COMUNAL,10,139,1,5166,5166,299,10-139,Minas,GUASAPAMPA,
ESC PROV GREGORIA PEREZ,10,140,1,5169,5169,170,10-140,Minas,LA ARGENTINA,
ESC PRIMARIA JORGE LUIS BORGES,10,141,1,5171,5171,60,10-141,Minas,PIEDRITA BLANCA,
ESC.SEC.J.L.DE CABRERA,10,142,7,5173,5179,2169,10-142,Minas,SAN CARLOS,
ESC MIGUEL DE AZCUENAGA,10,138A,1,5161,5161,23,10-138A,Minas,RUMIACO,
ESC.PROV.FRAY M.ESQUIU,10,138B,1,5162,5162,100,10-138B,Minas,RUMIHUASI,
ESC PROV NIÑAS DE AYOHUMA,10,138C,2,5163,5164,392,10-138C,Minas,ESTANCIA DE GUADALUPE,
ESC.PROV.MONS.R. LEAL,10,138D,1,5165,5165,191,10-138D,Minas,TOSNO,
ESC.PROV.R.VERA PEÑALOZA,10,139A,1,5167,5167,87,10-139A,Minas,AGUA DE RAMON,
ESC PROV GRAJ J DE SAN MARTIN,10,139B,1,5168,5168,245,10-139B,Minas,LA PLAYA,
ESC MARTIN MIGUEL DE GUEMES,10,140A,1,5170,5170,86,10-140A,Minas,OJO DE AGUA DE TOTOX,
ESC PROV ANGEL V PEÑALOZA,10,141A,1,5172,5172,146,10-141A,Minas,EL CHACHO,
ESC.PROV.J.J.CASTELLI.,10,142A,1,5180,5180,147,10-142A,Minas,TALAINI,
ESC PROV MARIANO MORENO,11,144,3,5181,5183,1029,11-144,Pocho,CHANCANI,
ESC.PROV.D.FRENCH,11,145,2,5186,5187,562,11-145,Pocho,POCHO,
ESC GENERAL JOSE DE SAN MARTIN,11,146,6,5189,5194,1983,11-146,Pocho,SALSACATE,
ESC.PROV.L.LUGONES,11,144A,1,5184,5184,88,11-144A,Pocho,LAS JARILLAS,
ESC R ESCALADA DE SAN MARTIN,11,144B,1,5185,5185,61,11-144B,Pocho,EL MEDANITO,
ESCUELA N°157,11,145A,1,5188,5188,260,11-145A,Pocho,LAS PALMAS,
ESC.PROV.M.BELGRANO,11,146A,1,5195,5195,308,11-146A,Pocho,TALA CAÑADA,
ESC.PROV. E.ECHEVERRIA,11,146B,1,5196,5196,237,11-146B,Pocho,SAN JERONIMO,
ESC ROQUE SAENZ PEÑA,11,146C,1,5197,5197,141,11-146C,Pocho,LOS TALARES,
ESC DR BIALET MASSE,12,147,8,5209,5216,2653,12-147,Punilla,BIALET MASSE,
INST SERVILIANO DIAZ,12,147,6,5198,5203,1986,12-147,Punilla,BIALET MASSE,
INST NTA SRA DEL ROSARIO,12,147,5,5204,5208,1660,12-147,Punilla,BIALET MASSE,
IPEM N° 279,12,148,13,5238,5250,4420,12-148,Punilla,CAPILLA DEL MONTE,
ESC ESP JUAN MANUEL FERNANDEZ,12,148,10,5251,5260,3399,12-148,Punilla,CAPILLA DEL MONTE,
ESC GRAL JOSE DE SAN MARTIN,12,148,9,5229,5237,3061,12-148,Punilla,CAPILLA DEL MONTE,
ESC GRAL JOSE DE SAN MARTIN,12,149,3,5261,5263,794,12-149,Punilla,CASA GRANDE,
ESC TTE GRAL JULIO A ROCA,12,150,13,5300,5312,4475,12-150,Punilla,COSQUIN,
COLEGIO PARROQUIAL PIO XII,12,150,11,5264,5274,3787,12-150,Punilla,COSQUIN,
ESC ESP DR J REYES CONTRERAS,12,150,10,5313,5322,3447,12-150,Punilla,COSQUIN,
IPEM N°60 M MORENO(EX IPET 13),12,150,9,5275,5283,3105,12-150,Punilla,COSQUIN,
ESC NORMAL SUP R SAENZ PEÑA,12,150,8,5292,5299,2759,12-150,Punilla,COSQUIN,
IPEM N°157-PTE SARMIENTO,12,150,8,5284,5291,2761,12-150,Punilla,COSQUIN,
ESC P ALBARRACIN DE SARMIENTO,12,151,3,5323,5325,734,12-151,Punilla,CHARBONIER,
I.P.E.M N° 200,12,152,10,5334,5343,3349,12-152,Punilla,HUERTA GRANDE,
ESC BERNARDINO RIVADAVIA,12,152,8,5326,5333,2692,12-152,Punilla,HUERTA GRANDE,
INSTITUTO GRAL SAN MARTIN,12,153,8,5367,5374,2742,12-153,Punilla,LA CUMBRE,
ESC JOSEFA MARIA BUSTOS,12,153,7,5375,5381,2400,12-153,Punilla,LA CUMBRE,
ESC M E H DE GONZALEZ ELIZALDE,12,153,6,5361,5366,2061,12-153,Punilla,LA CUMBRE,
IPEM N°142 JOAQUIN V GONZALEZ,12,154,11,5389,5399,3756,12-154,Punilla,LA FALDA,
ESC MATEO J MOLINA,12,154,10,5400,5409,3415,12-154,Punilla,LA FALDA,
ESC JOSE MARIA PAZ,12,154,7,5382,5388,2393,12-154,Punilla,LA FALDA,
ESC NICOLAS AVELLANEDA,12,154,7,5410,5416,2392,12-154,Punilla,LA FALDA,
ESC AERONAUTICA ARGENTINA,12,154,6,5417,5422,2049,12-154,Punilla,LA FALDA,
ESC INES MOYANO DE MOLINA,12,155,3,5423,5425,821,12-155,Punilla,SAN ESTEBAN,
INST ALFONSINA STORNI(EX IESS),12,156,21,5468,5488,7313,12-156,Punilla,VILLA CARLOS PAZ,
ESC CARLOS NICANDRO PAZ,12,156,17,5429,5445,5923,12-156,Punilla,VILLA CARLOS PAZ,
INST BILINGUE DANTE ALIGHIERI,12,156,17,5548,5564,5900,12-156,Punilla,VILLA CARLOS PAZ,
INST R ESCALADA DE SAN MARTIN,12,156,16,5504,5519,5575,12-156,Punilla,VILLA CARLOS PAZ,
INST BERNARDO D'ELIA,12,156,15,5489,5503,5214,12-156,Punilla,VILLA CARLOS PAZ,
COLEGIO COSTA AZUL,12,156,12,5579,5590,4181,12-156,Punilla,VILLA CARLOS PAZ,
ESC PRESIDENTE SARMIENTO,12,156,12,5446,5457,4172,12-156,Punilla,VILLA CARLOS PAZ,
ESC ISLA DE LOS ESTADOS,12,156,10,5458,5467,3480,12-156,Punilla,VILLA CARLOS PAZ,
INST INDUSTRIAL CRISTO OBRERO,12,156,10,5520,5529,3475,12-156,Punilla,VILLA CARLOS PAZ,
IPEM N° 365-DR RENE FAVALORO,12,156,10,5538,5547,3478,12-156,Punilla,VILLA CARLOS PAZ,
ESC RICARDO BERNABE FERNANDEZ,12,156,8,5565,5572,2784,12-156,Punilla,VILLA CARLOS PAZ,
PRIMARIO JOSE DE SAN MARTIN,12,156,8,5530,5537,2781,12-156,Punilla,VILLA CARLOS PAZ,
ESC JOSE A ALVAREZ CONDARCO,12,156,6,5573,5578,2084,12-156,Punilla,VILLA CARLOS PAZ,
INST. SEC. ORIENTACION REGIONA,12,157,9,5635,5643,3045,12-157,Punilla,SANTA MARIA,
ESC JUAN BAUTISTA AZOPARDO,12,157,7,5628,5634,2375,12-157,Punilla,SANTA MARIA,
COLEGIO SAN ROQUE,12,157,6,5618,5623,2033,12-157,Punilla,SANTA MARIA,
ESC BENJAMIN MATIENZO,12,157,4,5624,5627,1358,12-157,Punilla,SANTA MARIA,
ESC DOMINGO FAUSTINO SARMIENTO,12,158,10,5644,5653,3417,12-158,Punilla,TANTI,
IPEM N°84 J VOCOS LESCANO,12,158,10,5654,5663,3411,12-158,Punilla,TANTI,
INST.NTA.SRA. DEL CALVARIO,12,159,9,5688,5696,3033,12-159,Punilla,VALLE HERMOSO,
IPEM N° 335,12,159,8,5680,5687,2692,12-159,Punilla,VALLE HERMOSO,
ESC HOGAR ALBERTO MAGGI,12,147A,5,5217,5221,1418,12-147A,Punilla,SAN ROQUE,
ESC DR JERONIMO J DEL BARCO,12,147B,7,5222,5228,2312,12-147B,Punilla,VILLA PARQUE SIQUIMAN,
IPEM N° 339,12,152A,7,5344,5350,2302,12-152A,Punilla,VILLA GIARDINO,
COL JUANA MICONO DE GIARDIN,12,152A,5,5356,5360,1636,12-152A,Punilla,VILLA GIARDINO,
ESC ESTEBAN ECHEVERRIA,12,152A,5,5351,5355,1642,12-152A,Punilla,VILLA GIARDINO,
IPEA 343,12,155A,3,5426,5428,1048,12-155A,Punilla,LOS COCOS,
ESC MERCEDES S M DE BALCARCE,12,156A,6,5591,5596,1874,12-156A,Punilla,YCHO CRUZ,
LOCAL COMUNAL,12,156B,2,5597,5598,506,12-156B,Punilla,CUESTA BLANCA,
EDIFICIO COMUNAL,12,156C,4,5599,5602,1316,12-156C,Punilla,MAYU SUMAJ,
ESC JUAN JOSE PASO,12,156D,7,5603,5609,2438,12-156D,Punilla,SAN ANTONIO DE ARREDONDO,
IPEM 348,12,156D,7,5610,5616,2438,12-156D,Punilla,SAN ANTONIO DE ARREDONDO,
EDIFICIO COMUNAL,12,156E,1,5617,5617,261,12-156E,Punilla,TALA HUASI,
ESC.PROV.D. FRENCH,12,158A,2,5664,5665,635,12-158A,Punilla,CABALANGO,
JARDIN COSME ARGERICH,12,158B,3,5668,5670,902,12-158B,Punilla,ESTANCIA VIEJA,
ESC PROV COSME ARGERICH,12,158B,2,5666,5667,603,12-158B,Punilla,ESTANCIA VIEJA,
IPEM N° 332,12,158C,9,5671,5679,3121,12-158C,Punilla,VILLA SANTA CRUZ DEL LAGO,
ESC DOMINGO FAUSTINO SARMIENTO,13,160,8,5697,5704,2663,13-160,Río Cuarto,ACHIRAS,
INSTITUTO ADELIA MARIA,13,161,11,5706,5716,3717,13-161,Río Cuarto,ADELIA MARIA,
ESC GENERAL SAN MARTIN,13,161,8,5717,5724,2701,13-161,Río Cuarto,ADELIA MARIA,
ESC PERITO FRANCISCO MORENO,13,162,9,5732,5740,3089,13-162,Río Cuarto,ALCIRA,
ESC JOSE MARIA PAZ,13,162,7,5725,5731,2406,13-162,Río Cuarto,ALCIRA,
IPEM N° 119 NESTOR ZARAZAGA,13,163,4,5741,5744,1231,13-163,Río Cuarto,ALPA CORRAL,
ESC PROV BERNARDINO RIVADAVIA,13,164,6,5745,5750,1878,13-164,Río Cuarto,BAIGORRIA,
MERC DEL NIÑO JESUS/S FCO ASIS,13,165,18,5774,5791,6254,13-165,Río Cuarto,BANDA NORTE,
IPEM N°95 M SANCHEZ DE THOMPSO,13,165,14,5823,5836,4867,13-165,Río Cuarto,BANDA NORTE,
ESC PROVINCIA SANTA CRUZ,13,165,13,5804,5816,4530,13-165,Río Cuarto,BANDA NORTE,
ANGELES CUSTODIOS/SAGRADA FLIA,13,165,12,5751,5762,4187,13-165,Río Cuarto,BANDA NORTE,
INST SUP RAMON MENENDEZ PIDAL,13,165,12,5792,5803,4180,13-165,Río Cuarto,BANDA NORTE,
ESC DR ADOLFO ALSINA,13,165,11,5763,5773,3834,13-165,Río Cuarto,BANDA NORTE,
ESC REPUBLICA DEL URUGUAY,13,165,6,5817,5822,2082,13-165,Río Cuarto,BANDA NORTE,
CNMA 24-ANEXO PCIA STA CRUZ,13,165,2,5837,5838,696,13-165,Río Cuarto,BANDA NORTE,
INSTITUTO PARROQ.BERROTARAN,13,166,11,5847,5857,3649,13-166,Río Cuarto,BERROTARAN,
ESC VICTOR MERCANTE,13,166,8,5839,5846,2661,13-166,Río Cuarto,BERROTARAN,
ESC.FRAY M.ALVAREZ,13,167,3,5858,5860,1032,13-167,Río Cuarto,BULNES,
ESC PROV GRAL J DE SAN MARTIN,13,168,3,5861,5863,795,13-168,Río Cuarto,CHAJAN,
ESC SUBTTE RODOLFO H BERDINA,13,169,2,5864,5865,439,13-169,Río Cuarto,CHUCUL,
INST SEC LA ASUNCION DE MARIA,13,170,5,5866,5870,1577,13-170,Río Cuarto,ELENA,
ESC RICARDO GUTIERREZ,13,170,4,5871,5874,1264,13-170,Río Cuarto,ELENA,
ESC PROV JOSE DE SAN MARTIN,13,171,1,5875,5875,161,13-171,Río Cuarto,ESPINILLO,
ESC.PROV.C.SAAVEDRA,13,172,7,5876,5882,2323,13-172,Río Cuarto,HOLMBERG,
ESC.S.R.DE ZAVALIA,13,172,6,5883,5888,1989,13-172,Río Cuarto,HOLMBERG,
IPEM N° 125 R SCALABRINI ORTIZ,13,172,4,5889,5892,1323,13-172,Río Cuarto,HOLMBERG,
ESC JOSE DE SAN MARTIN,13,173,1,5893,5893,8,13-173,Río Cuarto,LA ARGENTINA,
ESC PROV JOSE DE SAN MARTIN,13,174,3,5894,5896,804,13-174,Río Cuarto,LA CAUTIVA,
ESC PROV JOSE DE SAN MARTIN,13,175,1,5897,5897,73,13-175,Río Cuarto,LA GILDA,
ESC R ESCALADA DE SAN MARTIN,13,176,1,5898,5898,71,13-176,Río Cuarto,LA INVERNADA,
ESC LEONILA DE LAS M LEMOS,13,177,8,5899,5906,2650,13-177,Río Cuarto,LAS ACEQUIAS,
ESC.PROV.J.DE SAN MARTIN,13,178,1,5907,5907,68,13-178,Río Cuarto,LAS CAÑITAS,
ESC JORGE ALEJANDRO NEWBERY,13,179,13,5911,5923,4498,13-179,Río Cuarto,LAS HIGUERAS,
"I.P.E.A Y T,N°186-",13,179,4,5928,5931,1381,13-179,Río Cuarto,LAS HIGUERAS,
JARD INF JORGE A NEWBERY,13,179,4,5924,5927,1376,13-179,Río Cuarto,LAS HIGUERAS,
ESC.PROV.J.M.PAZ,13,180,1,5932,5932,199,13-180,Río Cuarto,LAS PEÑAS,
ESC ANTONIO SOBRAL,13,181,1,5933,5933,172,13-181,Río Cuarto,LOS CUATRO VIENTOS,
ESC CAP DE FRAGATA MOYANO,13,182,3,5934,5936,932,13-182,Río Cuarto,LAS VERTIENTES,
INST JUAN PASCUAL PRINGLES,13,183,10,5937,5946,3453,13-183,Río Cuarto,VICUÑA MACKENNA,
ESC GRAL NAPOLEON URIBURU,13,183,9,5955,5963,3110,13-183,Río Cuarto,VICUÑA MACKENNA,
ESC GUIDO SPANO,13,183,8,5947,5954,2765,13-183,Río Cuarto,VICUÑA MACKENNA,
ESC FRAY MARCOS DONATTI,13,184,9,5964,5972,3080,13-184,Río Cuarto,MOLDES,
IPEM N°94 DOLORES L DE LAVALLE,13,184,8,5973,5980,2744,13-184,Río Cuarto,MOLDES,
ESC NICOLAS AVELLANEDA,13,184,7,5981,5987,2405,13-184,Río Cuarto,MOLDES,
ESCUELA-JUAN B ALBERDI,13,185,1,5991,5991,5,13-185,Río Cuarto,PAUNERO,
ESC ARZOBISPO ANTONIO ESPINOSA,13,186,14,6050,6063,4871,13-186,Río Cuarto,PUEBLO ALBERDI,
ESC GRAL JUSTO S ANAYA,13,186,14,6025,6038,4867,13-186,Río Cuarto,PUEBLO ALBERDI,
ESC NICOLAS AVELLANEDA,13,186,13,5992,6004,4511,13-186,Río Cuarto,PUEBLO ALBERDI,
INST LANTERIANO LA MERCED,13,186,11,6039,6049,3818,13-186,Río Cuarto,PUEBLO ALBERDI,
COLEGIO MARIA BENITA ARIAS,13,186,10,6015,6024,3472,13-186,Río Cuarto,PUEBLO ALBERDI,
IPEMN° 26 JUAN FILLOY,13,186,10,6005,6014,3471,13-186,Río Cuarto,PUEBLO ALBERDI,
IPET 314- GRAL J DE SAN MARTIN,13,186,4,6064,6067,1385,13-186,Río Cuarto,PUEBLO ALBERDI,
ESC CAP DE NAV S ALBARRACIN,13,187,1,6068,6068,117,13-187,Río Cuarto,PUEYRREDON,
ESC.NORMAL COMERCIAL,13,188,27,6222,6248,9346,13-188,Río Cuarto,RIO CUARTO,
ESC.NORM.NAC.MIXTA,13,188,24,6069,6092,8348,13-188,Río Cuarto,RIO CUARTO,
COL NTRA SRA DEL CARMEN,13,188,17,6137,6153,5909,13-188,Río Cuarto,RIO CUARTO,
ESC MANUEL BELGRANO,13,188,14,6196,6209,4851,13-188,Río Cuarto,RIO CUARTO,
ESCUELA GENERAL PAZ,13,188,13,6124,6136,4519,13-188,Río Cuarto,RIO CUARTO,
COLEGIO GALILEO GALILEI,13,188,12,6267,6278,4159,13-188,Río Cuarto,RIO CUARTO,
ESC BARTOLOME MITRE,13,188,12,6174,6185,4147,13-188,Río Cuarto,RIO CUARTO,
ESCUELA GRAL ROCA,13,188,12,6162,6173,4181,13-188,Río Cuarto,RIO CUARTO,
INST SAN BUENAVENTURA,13,188,12,6093,6104,4173,13-188,Río Cuarto,RIO CUARTO,
IPET 259 AMBROSIO OLMOS,13,188,12,6210,6221,4168,13-188,Río Cuarto,RIO CUARTO,
ESC 21 DE JULIO,13,188,10,6186,6195,3469,13-188,Río Cuarto,RIO CUARTO,
ESC FLORENTINO AMEGHINO,13,188,10,6105,6114,3484,13-188,Río Cuarto,RIO CUARTO,
ESC VELEZ SARSFIELD,13,188,10,6249,6258,3473,13-188,Río Cuarto,RIO CUARTO,
COLEGIO HISPANO ARGENTINO,13,188,9,6279,6287,3118,13-188,Río Cuarto,RIO CUARTO,
DICHIARA-EX ESC.GRAL S.MARTIN,13,188,9,6115,6123,3131,13-188,Río Cuarto,RIO CUARTO,
ESC ALTE BROWN,13,188,8,6154,6161,2787,13-188,Río Cuarto,RIO CUARTO,
ESCUELA PIAS,13,188,8,6259,6266,2781,13-188,Río Cuarto,RIO CUARTO,
INSTPABLO ANTONIO PIZZURNO,13,189,8,6302,6309,2713,13-189,Río Cuarto,SAMPACHO,
ESC SAN MARTIN,13,189,7,6295,6301,2381,13-189,Río Cuarto,SAMPACHO,
INSTITUTO LA CONSOLATA,13,189,7,6288,6294,2373,13-189,Río Cuarto,SAMPACHO,
ESC.SAN JUAN BOSCO,13,190,1,6310,6310,129,13-190,Río Cuarto,SAN AMBROSIO,
ESC JOSE DE SAN MARTIN,13,191,6,6315,6320,2046,13-191,Río Cuarto,SAN BASILIO,
INST JUAN BAUTISTA ALBERDI,13,191,4,6311,6314,1369,13-191,Río Cuarto,SAN BASILIO,
ESC R ESCALADA DE SAN MARTIN,13,192,2,6322,6323,464,13-192,Río Cuarto,SUCO,
ESC.PROV.J.M.ESTRADA,13,193,2,6324,6325,562,13-193,Río Cuarto,TOSQUITA,
ESCUELA-JUAN B ALBERDI,13,194,2,6326,6327,576,13-194,Río Cuarto,WASHINGTON,
ESC PROV DOMINGO F SARMIENTO,13,160A,1,5705,5705,259,13-160A,Río Cuarto,LA CAROLINA,
ESC.C.G. DE REZZANO,13,178A,2,5908,5909,474,13-178A,Río Cuarto,LAS ALBAHACAS,
ESC.ALBERGUE J.HERNANDEZ,13,178B,1,5910,5910,127,13-178B,Río Cuarto,VILLA EL CHACAY,
ESC.PROV.M.BELGRANO,13,184A,3,5988,5990,737,13-184A,Río Cuarto,MONTE DE LOS GAUCHOS,
ESC.PROV.R.E.DE SAN MARTIN,13,191A,1,6321,6321,329,13-191A,Río Cuarto,MALENA,
ESC.PROV.J.DE SAN MARTIN,14,195,1,6328,6328,177,14-195,Río Primero,ATAHONA,
ESC.PROV.M.MORENO,14,196,1,6329,6329,213,14-196,Río Primero,CAÑADA DE MACHADO,
ESC PROV JOAQUIN V GONZALEZ,14,197,2,6330,6331,373,14-197,Río Primero,LA POSTA,
ESC PROV MARTIN GUEMES,14,198,3,6332,6334,1043,14-198,Río Primero,CAPILLA DE REMEDIOS,
ESC N°315  ARTURO CAPDEVILA,14,199,1,6335,6335,264,14-199,Río Primero,CHALACEA,
ESC M.C.CALDECOT DE ARGUELLO,14,200,2,6336,6337,513,14-200,Río Primero,DIEGO DE ROJAS,
ESC JOSE MARIA PAZ,14,201,1,6338,6338,126,14-201,Río Primero,COLONIA LAS CUATRO ESQUINAS,
ESC PROV JOSE MANUEL ESTRADA,14,202,1,6340,6340,342,14-202,Río Primero,ESQUINA,
ESC.R.E.DE SAN MARTIN,14,203,2,6341,6342,360,14-203,Río Primero,PEDRO E.VIVAS,
ESC DR D VELEZ SARSFIELD,14,204,6,6348,6353,2059,14-204,Río Primero,LA PARA,
ESC MARIANO FRAGUEIRO,14,204,5,6343,6347,1713,14-204,Río Primero,LA PARA,
ESC PROV FRAY MAMERTO ESQUIU,14,205,7,6354,6360,2118,14-205,Río Primero,LA PUERTA,
ES RAUL AUGUSTO PEDERNERA-411,14,206,1,6361,6361,55,14-206,Río Primero,LAS HERAS,
ESC DALMIRA MURO(EX DEL CHACO),14,207,1,6362,6362,260,14-207,Río Primero,LAS SALADAS,
ESCUELA N°111,14,208,1,6363,6363,298,14-208,Río Primero,COMECHINGONES,
ESC.PROV.J.M.PAZ,14,209,1,6364,6364,149,14-209,Río Primero,MAQUINISTA GALLINI,
ESC DOMINGO F SARMIENTO,14,210,1,6365,6365,82,14-210,Río Primero,BLAS DE ROSALES,
INST PQUIAL MONTE CRISTO,14,211,10,6373,6382,3414,14-211,Río Primero,MONTE CRISTO,
ESCUELA MAESTRO DOMINGO NOGAL,14,211,7,6383,6389,2397,14-211,Río Primero,MONTE CRISTO,
MARGARITA V LUDUEÑA DE LAZO,14,211,7,6366,6372,2391,14-211,Río Primero,MONTE CRISTO,
ESCUELA 25 DE MAYO,14,211,6,6390,6395,2050,14-211,Río Primero,MONTE CRISTO,
ESC.PROV.J.M.PAZ,14,212,1,6396,6396,127,14-212,Río Primero,MONTE DEL ROSARIO,
ESCUELA R.GUTIERREZ,14,213,8,6398,6405,2451,14-213,Río Primero,OBISPO TREJO,
ESC.PROV.D.F.SARMIENTO,14,214,5,6406,6410,1682,14-214,Río Primero,PIQUILLIN,
ESC.PROV.M.BELGRANO,14,215,1,6411,6411,139,14-215,Río Primero,PLAZA DE MERCEDES,
ESC.PROV.GRAL SAN MARTIN,14,216,1,6413,6413,36,14-216,Río Primero,PUNTA DEL AGUA,
ESC.PROV.1ER.GOBIERNO PATRIO,14,217,1,6414,6414,82,14-217,Río Primero,QUEBRACHO,
ESC GRAL JOSE DE SAN MARTIN,14,218,8,6423,6430,2667,14-218,Río Primero,RIO PRIMERO,
EX-ESCUELA N°279,14,218,8,6415,6422,2672,14-218,Río Primero,RIO PRIMERO,
IPEM N° 164 ATALIVA HERRERA,14,218,5,6431,6435,1679,14-218,Río Primero,RIO PRIMERO,
ESC.JORGE NEWBERY,14,219,1,6436,6436,172,14-219,Río Primero,SAGRADA FAMILIA,
INSTITUTO EL SALVADOR,14,220,8,6451,6458,2703,14-220,Río Primero,VILLA SANTA ROSA,
ESC PBRO JOSE G BROCHERO,14,220,7,6444,6450,2361,14-220,Río Primero,VILLA SANTA ROSA,
INST DEL SANTISIMO ROSARIO,14,220,7,6437,6443,2369,14-220,Río Primero,VILLA SANTA ROSA,
ESC PROV R SAENZ PEÑA,14,221,1,6459,6459,109,14-221,Río Primero,EL ALCALDE,
IPEM N°228-SAN ISIDRO LABRADOR,14,222,3,6460,6462,938,14-222,Río Primero,VILLA FONTANA,
ESC MAEST F BELLORA DE DAVILA,14,201A,1,6339,6339,146,14-201A,Río Primero,LAS GRAMILLAS,
ESC PROV DOMINGO F SARMIENTO,14,212B,1,6397,6397,272,14-212B,Río Primero,EL CRISPIN,
ESC PROV JUAN JOSE PASO,14,215A,1,6412,6412,271,14-215A,Río Primero,LA QUINTA,
ESC.PROV.C.SAAVEDRA,15,223,3,6463,6465,823,15-223,Río Seco,CANDELARIA NORTE,
ESC PROV PRIMERA JUNTA,15,224,1,6466,6466,45,15-224,Río Seco,ENCRUCIJADA,
ESC GRAL SAN MARTIN,15,225,3,6467,6469,904,15-225,Río Seco,GUTEMBERG,
ESC PRO MARTIN GUEMES,15,226,2,6471,6472,447,15-226,Río Seco,LOS HOYOS,
ESC.PROV.CNEL.F.DE BEDOYA,15,227,3,6475,6477,738,15-227,Río Seco,RAYO CORTADO,
ESC.PROV. CNEL. A.H.CARPANI,15,228,8,6485,6492,2617,15-228,Río Seco,SEBASTIAN ELCANO,
ESC JOSE DE SAN MARTIN,15,229,8,6493,6500,2738,15-229,Río Seco,VILLA DE MARIA,
IPEM 224-LEOPOLDO LUGONES,15,229,7,6501,6507,2389,15-229,Río Seco,VILLA DE MARIA,
ESC PROV GENERAL PAZ,15,225A,1,6470,6470,77,15-225A,Río Seco,LA CAÑADA,
ESC.PROV.D.F.SARMIENTO,15,226A,2,6473,6474,406,15-226A,Río Seco,PUESTO DE CASTRO,
ESC PROV GUILLERMO BROWN,15,227A,2,6478,6479,454,15-227A,Río Seco,RINCONADA,
ESC PROV LUCIANO ARGUELLO,15,227B,2,6480,6481,358,15-227B,Río Seco,CERRO COLORADO,
ESC PROV G MARTINEZ PIZARRO,15,227C,1,6482,6482,195,15-227C,Río Seco,CHAÑAR VIEJO,
ESC PROV ING FEDERICO NEHHER,15,227D,2,6483,6484,389,15-227D,Río Seco,SANTA ELENA,
ESC PROV LEOPOLDO LUGONES,15,229A,1,6508,6508,202,15-229A,Río Seco,EUFRASIO LOZA,
IPEM 284 DOMINGO F SARMIENTO,16,230,7,6509,6515,2205,16-230,Río Segundo,CALCHIN,
ESCUELA NARCISO LAPRIDA,16,231,2,6518,6519,412,16-231,Río Segundo,CAPILLA DEL CARMEN,
ESC PROV PTE JULIO ROCA,16,232,6,6520,6525,1737,16-232,Río Segundo,CARRILOBO,
ESC PROV SEMANA DE MAYO,16,233,4,6526,6529,1370,16-233,Río Segundo,COLAZO,
ESC LIB GRAL SAN MARTIN,16,234,4,6530,6533,1376,16-234,Río Segundo,COSTA SACATE,
ESC BERNARDINO RIVADAVIA,16,235,8,6534,6541,2700,16-235,Río Segundo,LAGUNA LARGA,
ESC NARCISO LAPRIDA,16,235,7,6542,6548,2366,16-235,Río Segundo,LAGUNA LARGA,
INST GRAL JOSE MARIA PAZ,16,235,5,6549,6553,1677,16-235,Río Segundo,LAGUNA LARGA,
I.P.E.A.(IPEM 231 TORAZO),16,236,5,6554,6558,1549,16-236,Río Segundo,LAS JUNTURAS,
ESC GRAL JOSE DE SAN MARTIN,16,237,10,6567,6576,3399,16-237,Río Segundo,LUQUE,
IPEM N° 300,16,237,7,6560,6566,2378,16-237,Río Segundo,LUQUE,
ESC.PROV.D.F.SARMIENTO,16,238,3,6581,6583,965,16-238,Río Segundo,MATORRALES,
ESC JOSE MARIA PAZ,16,239,12,6584,6595,4142,16-239,Río Segundo,ONCATIVO,
IPEM N°54 J E MULLER,16,239,9,6610,6618,3110,16-239,Río Segundo,ONCATIVO,
ESC DE COM L LUGONES(IPEM 158),16,239,7,6596,6602,2428,16-239,Río Segundo,ONCATIVO,
ESC EMILIO F OLMOS,16,239,7,6603,6609,2424,16-239,Río Segundo,ONCATIVO,
ESC ZENON LOPEZ,16,240,14,6619,6632,4795,16-240,Río Segundo,PILAR,
ESC MARIA J GONZALEZ CASEROS,16,240,11,6640,6650,3770,16-240,Río Segundo,PILAR,
ESC JUAN BAUTISTA BUSTOS,16,240,7,6633,6639,2403,16-240,Río Segundo,PILAR,
INST CARLOS PELLEGRINI,16,240,7,6651,6657,2404,16-240,Río Segundo,PILAR,
ESC GENERAL SAN MARTIN,16,241,11,6658,6668,3612,16-241,Río Segundo,POZO DEL MOLLE,
ESC FRANCISCO MALBRAN,16,241,6,6669,6674,1973,16-241,Río Segundo,POZO DEL MOLLE,
ESC PROV NICOLAS AVELLANEDA,16,242,2,6675,6676,485,16-242,Río Segundo,RINCON,
ESC PRIMER GOBIERNO PATRIO,16,243,13,6695,6707,4495,16-243,Río Segundo,RIO SEGUNDO,
ESC VICTOR MERCANTE,16,243,12,6708,6719,4145,16-243,Río Segundo,RIO SEGUNDO,
IPEM N°108-C G DE REZZANO,16,243,11,6684,6694,3810,16-243,Río Segundo,RIO SEGUNDO,
ESC CONGRESO DE TUCUMAN,16,243,10,6720,6729,3449,16-243,Río Segundo,RIO SEGUNDO,
C.E.N.M.A. N° 161,16,243,6,6678,6683,2078,16-243,Río Segundo,RIO SEGUNDO,
ESC CORONEL PRINGLES,16,244,8,6730,6737,2452,16-244,Río Segundo,SANTIAGO TEMPLE,
COLEGIO SAN JOSE,16,245,12,6768,6779,4078,16-245,Río Segundo,VILLA DEL ROSARIO,
ESC MARQUES DE SOBREMONTE,16,245,12,6749,6760,4089,16-245,Río Segundo,VILLA DEL ROSARIO,
ESCUELA RECONQUISTA,16,245,9,6740,6748,3058,16-245,Río Segundo,VILLA DEL ROSARIO,
ESC SUP DE COM JOSE M PAZ,16,245,7,6761,6767,2367,16-245,Río Segundo,VILLA DEL ROSARIO,
ESC.PROV.M.BELGRANO,16,230A,2,6516,6517,669,16-230A,Río Segundo,CALCHIN OESTE,
ESC.PROV.D.F.SARMIENTO,16,236A,1,6559,6559,53,16-236A,Río Segundo,COLONIA VIDELA,
ESC RAFAEL SANCHEZ ES ESC 57,16,237A,3,6577,6579,986,16-237A,Río Segundo,MANFREDI,
ESC PROV JERONIMO L DE CABRERA,16,237B,1,6580,6580,214,16-237B,Río Segundo,PUEBLO LUDUEÑA,
ESC MARIANO MORENO,16,242A,1,6677,6677,6,16-242A,Río Segundo,CAÑADA DE MACHADO SUD,
ESC PROV ESTANISLAO DEL CAMPO,16,244A,2,6738,6739,359,16-244A,Río Segundo,LOS CHAÑARITOS,
ESC JUAN PASCUAL PRINGLES,17,248,11,6815,6825,3770,17-248,Pte. Roque Sáenz Peña,LABOULAYE,
ESC GRAL CONRADO VILLEGAS,17,248,10,6789,6798,3436,17-248,Pte. Roque Sáenz Peña,LABOULAYE,
IPEM 257 DR RENE FAVALORO,17,248,10,6805,6814,3430,17-248,Pte. Roque Sáenz Peña,LABOULAYE,
I.P.E.M. 278-M.ARGENTINAS,17,248,9,6780,6788,3087,17-248,Pte. Roque Sáenz Peña,LABOULAYE,
ESC PRESIDENTE R SAENZ PEÑA,17,248,7,6826,6832,2394,17-248,Pte. Roque Sáenz Peña,LABOULAYE,
ESC LEONOR DE TEJEDA,17,248,6,6799,6804,2056,17-248,Pte. Roque Sáenz Peña,LABOULAYE,
ESC VICTORIANO RODRIGUEZ,17,249,5,6833,6837,1427,17-249,Pte. Roque Sáenz Peña,LA CESIRA,
ESC N°78-PINTOR JUAN M BLANES,17,251,1,6838,6838,132,17-251,Pte. Roque Sáenz Peña,LEGUIZAMON,
ESC DR VIRGILIO BARBALATO,17,252,8,6846,6853,2715,17-252,Pte. Roque Sáenz Peña,LEVALLE,
ESC GRAL NICOLAS LEVALLE,17,252,7,6839,6845,2380,17-252,Pte. Roque Sáenz Peña,LEVALLE,
ESC.PROV.L.PASTEUR,17,253,4,6854,6857,1150,17-253,Pte. Roque Sáenz Peña,MELO,
ESC RAUL SOULE(EX NAC N°241),17,254,1,6858,6858,105,17-254,Pte. Roque Sáenz Peña,RIO BAMBA,
ESC.PROV.P.B.PALACIOS,17,255,2,6859,6860,546,17-255,Pte. Roque Sáenz Peña,ROSALES,
ESC.PROV.GRAL SAN MARTIN,17,256,1,6861,6861,154,17-256,Pte. Roque Sáenz Peña,SAN JOAQUIN,
INS SAN ALBERTO Y SAN ENRIQUE,17,257,9,6862,6870,3056,17-257,Pte. Roque Sáenz Peña,SERRANO,
ESCUELA N°105(JOSE RUBIROLA),17,258,2,6871,6872,581,17-258,Pte. Roque Sáenz Peña,VILLA ROSSI,
ESC.PROV.M.DE AZCUENAGA,18,259,1,6873,6873,19,18-259,San Alberto,ALTAUTINA,
ESC.PROV.FRAY J.M.NOGAL,18,260,3,6874,6876,1008,18-260,San Alberto,AMBUL,
ESC JOSE GABRIEL BROCHERO,18,261,7,6885,6891,2356,18-261,San Alberto,BROCHERO,
IPEM N° 344,18,261,7,6878,6884,2356,18-261,San Alberto,BROCHERO,
INST TRANSITO DE MARIA,18,261,4,6892,6895,1345,18-261,San Alberto,BROCHERO,
ESC GRAL JOSE DE SAN MARTIN,18,262,10,6901,6910,3481,18-262,San Alberto,MINA CLAVERO,
ESC MAESTRO D F SARMIENTO,18,262,6,6911,6916,2087,18-262,San Alberto,MINA CLAVERO,
IPEM N° 285-J G BROCHERO,18,262,6,6917,6922,2084,18-262,San Alberto,MINA CLAVERO,
POLICIA FEDERAL ARGENTINA,18,262,4,6923,6926,1391,18-262,San Alberto,MINA CLAVERO,
ESC.PROV.D.F.SARMIENTO,18,263,5,6927,6931,1535,18-263,San Alberto,NONO,
IPEM 135-DON JOSE F RECALDE,18,263,3,6932,6934,918,18-263,San Alberto,NONO,
ESC.P.PIZZURNO,18,264,2,6945,6946,404,18-264,San Alberto,PANAHOLMA,
ESC CNEL OLMEDO,18,265,7,6948,6954,2308,18-265,San Alberto,SAN PEDRO,
INST. AGROTECNICO STELLA MARIS,18,265,7,6955,6961,2299,18-265,San Alberto,SAN PEDRO,
ESC MAESTRO H GALABURRI,18,266,5,6980,6984,1392,18-266,San Alberto,SAN VICENTE,
ESC PROV JUAN P PRINGLES,18,260A,1,6877,6877,35,18-260A,San Alberto,EL VOLCAN,
ESC PROV JUAN MARTIN RECALDE,18,261A,4,6896,6899,1151,18-261A,San Alberto,SAN LORENZO,
ESC.PROV.GUIDO SPANO,18,261B,1,6900,6900,45,18-261B,San Alberto,VILLA BENEGAS,
ESCUELA 20 DE JUNIO,18,263A,1,6935,6935,131,18-263A,San Alberto,PAMPA DE ACHALA,
ESC PROV CEFERINO NAMUNCURA,18,263B,1,6936,6936,23,18-263B,San Alberto,LOS CERROS,
ESC J V LOPEZ(EX-NAC N°493),18,263C,3,6937,6939,748,18-263C,San Alberto,ARROYO DE LOS PATOS,
ESC.PROV.M.A DE CARRANZA PREGO,18,263D,2,6940,6941,564,18-263D,San Alberto,LAS CALLES,
ESC.PROV.M.BELGRANO,18,263E,3,6942,6944,766,18-263E,San Alberto,LAS RABONAS,
ESC TOMAS DE IRIARTE,18,264A,1,6947,6947,251,18-264A,San Alberto,LOS ESPINILLOS,
ESC CNEL AGUSTIN A OLMEDO,18,265A,9,6962,6970,2993,18-265A,San Alberto,VILLA SARMIENTO,
IPEA 307,18,265A,5,6971,6975,1652,18-265A,San Alberto,VILLA SARMIENTO,
ESC PROV MARIO REMORINO,18,265B,1,6976,6976,75,18-265B,San Alberto,LA CORTADERA,
ESC.PROV.FRAY L.BELTRAN,18,265C,3,6977,6979,931,18-265C,San Alberto,SAUCE ARRIBA,
ESC MARCELO T DE ALVEAR,18,266A,1,6985,6985,149,18-266A,San Alberto,SAN RAFAEL,
ESC PROV NARCISO LAPRIDA,19,267,2,6986,6987,444,19-267,San Javier,CONLARA,
ESC.NORMAL SARSFIELD,19,268,16,7007,7022,5551,19-268,San Javier,DOLORES,
ESC GENERAL SAN MARTIN,19,268,14,7023,7036,4845,19-268,San Javier,DOLORES,
ESC MARIANO MORENO,19,268,10,6988,6997,3482,19-268,San Javier,DOLORES,
COLEGIO SAGRADO CORAZON,19,268,9,7044,7052,3126,19-268,San Javier,DOLORES,
INST PBRO J V BRIZUELA,19,268,9,6998,7006,3128,19-268,San Javier,DOLORES,
ESC C CENTENARIO-IPEM N° 146,19,268,8,7053,7060,2770,19-268,San Javier,DOLORES,
ESC DOLORES AGUIRRE DE FUNES,19,268,8,7061,7068,2780,19-268,San Javier,DOLORES,
ESC MANUEL BELGRANO,19,268,7,7037,7043,2423,19-268,San Javier,DOLORES,
ESC PROV JOSE M PAZ,19,269,6,7073,7078,1904,19-269,San Javier,LA PAZ,
INST JUAN BAUTISTA ALBERDI,19,269,4,7069,7072,1267,19-269,San Javier,LA PAZ,
ESC MAGDALENA T DE CHARLES,19,270,10,7082,7091,3495,19-270,San Javier,LAS ROSAS,
INST. VILLA DE LAS ROSAS,19,270,4,7092,7095,1397,19-270,San Javier,LAS ROSAS,
ESC LEOPOLDO LUG0NES,19,271,5,7096,7100,1706,19-271,San Javier,LAS TAPIAS,
ESC JOSE DE SAN MARTIN,19,272,4,7101,7104,1312,19-272,San Javier,LOS HORNILLOS,
ESC.PROV.EMILIO F.OLMOS,19,273,4,7105,7108,1308,19-273,San Javier,LUYABA,
ESC GENERAL SAN MARTIN,19,274,3,7109,7111,956,19-274,San Javier,SAN JAVIER,
ESC EMILIO FELIPE OLMOS,19,275,7,7114,7120,2161,19-275,San Javier,SAN JOSE,
ESC GENERAL SAN MARTIN,19,276,4,7128,7131,1218,19-276,San Javier,YACANTO,
ESC.PROV.J.M.ESTRADA,19,269A,2,7079,7080,444,19-269A,San Javier,QUEBRACHO LADEADO,
ESC PROV JUAN JOSE PASO,19,269B,1,7081,7081,36,19-269B,San Javier,EL MANANTIAL,
ESC MANUEL CABRAL DE TERZAGA,19,274A,2,7112,7113,504,19-274A,San Javier,LA POBLACION,
ESC GENERAL BARTOLOME MITRE,19,275A,7,7121,7127,2389,19-275A,San Javier,LOS CERRILLOS,
ESC FRAY CAYETANO RODRIGUEZ,20,277,5,7136,7140,1612,20-277,San Justo,ALICIA,
ESC JOSE MANUEL ESTRADA,20,277,4,7132,7135,1289,20-277,San Justo,ALICIA,
ESC.PROV.RECONQUISTA,20,278,6,7141,7146,1890,20-278,San Justo,ALTOS DE CHIPION,
INST DR D VELEZ SARSFIELD,20,279,15,7168,7182,5174,20-279,San Justo,ARROYITO,
ESCUELA N°198(ESC GIMENEZ LAGO,20,279,14,7183,7196,4815,20-279,San Justo,ARROYITO,
ESC MANUEL BELGRANO,20,279,12,7147,7158,4146,20-279,San Justo,ARROYITO,
CERVELLON/NTRA S DE LA MERCED,20,279,9,7197,7205,3100,20-279,San Justo,ARROYITO,
ESC JOSE MARIA PAZ,20,279,9,7159,7167,3106,20-279,San Justo,ARROYITO,
ESC PABLO JULIO RODRIGUEZ,20,280,7,7214,7220,2335,20-280,San Justo,BALNEARIA,
ESC VICENTE LOPEZ Y PLANES,20,280,6,7208,7213,2003,20-280,San Justo,BALNEARIA,
INST JUAN BAUTISTA ALBERDI,20,280,4,7221,7224,1336,20-280,San Justo,BALNEARIA,
ESCUELA N°349(ESC JUAN BEIRO),20,281,1,7225,7225,180,20-281,San Justo,BEIRO,
ESC 25 DE MAYO,20,282,10,7233,7242,3385,20-282,San Justo,BRINKMANN,
IPETIN 262 BELISARIO ROLDAN,20,282,9,7243,7251,3034,20-282,San Justo,BRINKMANN,
COLEGIO MANUEL BELGRANO,20,282,7,7226,7232,2365,20-282,San Justo,BRINKMANN,
ESC.PROV.M.MORENO,20,283,6,7252,7257,1818,20-283,San Justo,CONCEPCION,
ESC CARLOS J FLORIT,20,285,10,7259,7268,3285,20-285,San Justo,DEVOTO,
ESC DOMINGO F SARMIENTO,20,285,7,7269,7275,2297,20-285,San Justo,DEVOTO,
ESC PROV DOMINGO F SARMIENTO,20,286,1,7276,7276,165,20-286,San Justo,DIEZ DE JULIO,
ESC PROV L DE LA TORRE,20,287,1,7277,7277,148,20-287,San Justo,DOS HERMANOS,
ESC PROV CHACABUCO,20,288,6,7278,7283,1997,20-288,San Justo,EL ARAÑADO,
ESC PROV DOMINGO F SARMIENTO,20,289,4,7285,7288,1175,20-289,San Justo,EL FORTIN,
ESC PROV JOSE MARIA PAZ,20,290,3,7289,7291,977,20-290,San Justo,EL TIO,
IPEM N°166 CAP G DEL VALLE,20,290,3,7292,7294,978,20-290,San Justo,EL TIO,
ESC FLORENTINO AMEGHINO,20,291,10,7303,7312,3418,20-291,San Justo,FREYRE,
COL STA TERESITA DEL N JESUS,20,291,8,7295,7302,2728,20-291,San Justo,FREYRE,
ESC THOMAS ALVA EDISON,20,292,1,7314,7314,115,20-292,San Justo,ITURRASPE,
ESC PROV DAMAS PATRICIAS,20,293,6,7320,7325,1968,20-293,San Justo,LA FRANCIA,
INST COM SEC LA FRANCIA,20,293,5,7315,7319,1642,20-293,San Justo,LA FRANCIA,
ESC PROV MARIANO MORENO,20,294,3,7326,7328,1033,20-294,San Justo,LA PAQUITA,
ESC MARGARITA LA TORRE MERCADO,20,295,5,7330,7334,1581,20-295,San Justo,LA TORDILLA,
IPEM N°287-L LUGONES,20,296,7,7336,7342,2374,20-296,San Justo,LASPIUR,
ESC PROV MARIANO MORENO,20,297,4,7343,7346,1194,20-297,San Justo,LAS VARAS,
ESC NORM SUP D VELEZ SARSFIELD,20,298,19,7347,7365,6481,20-298,San Justo,LAS VARILLAS,
ESC BARTOLOME MITRE,20,298,10,7381,7390,3398,20-298,San Justo,LAS VARILLAS,
ESC BERNARDINO RIVADAVIA,20,298,8,7373,7380,2724,20-298,San Justo,LAS VARILLAS,
ESCUELA GRAL PAZ,20,298,7,7366,7372,2384,20-298,San Justo,LAS VARILLAS,
ESC CONSTANCIO LUXARDO,20,299,2,7391,7392,369,20-299,San Justo,LUXARDO,
INST SEC MANUEL DORREGO,20,300,4,7393,7396,1144,20-300,San Justo,MARINA,
ESC.REP DEL PARAGUAY,20,301,6,7397,7402,1745,20-301,San Justo,MARULL,
ESC PROV GRAL SAN MARTIN,20,302,1,7403,7403,126,20-302,San Justo,MAUNIER,
ESC.PROV.J.L.DE CABRERA,20,303,7,7404,7410,2208,20-303,San Justo,MIRAMAR,
COLEGIO NACIONAL MIXTO,20,304,15,7411,7425,5156,20-304,San Justo,MORTEROS,
ESC D VELEZ SARSFIELD,20,304,11,7426,7436,3781,20-304,San Justo,MORTEROS,
ESCUELA CRISTO REY,20,304,10,7437,7446,3427,20-304,San Justo,MORTEROS,
INST ALBERTO IN AEBNIT,20,304,7,7447,7453,2396,20-304,San Justo,MORTEROS,
ESC BERNARDINO RIVADAVIA,20,304,6,7454,7459,2052,20-304,San Justo,MORTEROS,
INST BERNARDINO RIVADAVIA,20,305,8,7460,7467,2738,20-305,San Justo,PORTEÑA,
ESC PROV 9 DE JULIO,20,305,7,7468,7474,2386,20-305,San Justo,PORTEÑA,
ESC PROV SANTIAGO DERQUI,20,306,2,7475,7476,547,20-306,San Justo,PROSPERIDAD,
ESC.PROV.AYACUCHO,20,307,2,7477,7478,697,20-307,San Justo,QUEBRACHO HERRADO,
ESCUELA ITUZAINGO,20,308,5,7483,7487,1625,20-308,San Justo,SACANTA,
INST MANUEL BELGRANO,20,308,4,7479,7482,1303,20-308,San Justo,SACANTA,
ESC PROV PRIMERA JUNTA,20,309,6,7488,7493,1981,20-309,San Justo,SAN BARTOLOME,
ESCUELA N AVELLANEDA,20,310,16,7549,7564,5518,20-310,San Justo,SAN FRANCISCO SECC. SUR,
COL SUP SAN MARTIN,20,310,13,7516,7528,4483,20-310,San Justo,SAN FRANCISCO SECC. SUR,
ESC EMILIO F OLMOS (IPEM N°50),20,310,13,7494,7506,4489,20-310,San Justo,SAN FRANCISCO SECC. SUR,
ESCUELA RIO NEGRO,20,310,11,7538,7548,3781,20-310,San Justo,SAN FRANCISCO SECC. SUR,
ESC GENERAL MITRE,20,310,9,7507,7515,3101,20-310,San Justo,SAN FRANCISCO SECC. SUR,
ESCUELA 2 DE ABRIL,20,310,9,7529,7537,3099,20-310,San Justo,SAN FRANCISCO SECC. SUR,
ESCUELA RAFAEL NUÑEZ,20,310,9,7565,7573,3112,20-310,San Justo,SAN FRANCISCO SECC. SUR,
ESC ELSA MOLINA DE CODO,20,311,1,7658,7658,249,20-311,San Justo,SAN PEDRO,
ESC.PROV.J.DE SAN MARTIN,20,312,1,7659,7659,17,20-312,San Justo,SAUZE,
ESCUELA N°149(HOY:JOSE SEEBER),20,313,3,7660,7662,721,20-313,San Justo,SEEBER,
ESC PROV R GUTIERREZ,20,314,10,7663,7672,3139,20-314,San Justo,TRANSITO,
COL MARIA AUXILIADORA,20,315,3,7673,7675,718,20-315,San Justo,VIGNAUD,
ESC PROV ALTE GUILLERMO BROWN,20,279A,2,7206,7207,372,20-279A,San Justo,EL FUERTECITO,
ESC CONGRESO DE TUCUMAN,20,283A,1,7258,7258,182,20-283A,San Justo,COLONIA PICHANAS,
ESCUELA PROV. ANTONIO SOBRAL,20,288A,1,7284,7284,293,20-288A,San Justo,VILLA SAN ESTEBAN,
ESC PROV RAMON J CARCANO,20,291A,1,7313,7313,78,20-291A,San Justo,COLONIA ANITA,
ESC PROV NICOLAS AVELLANEDA,20,294A,1,7329,7329,169,20-294A,San Justo,COLONIA VALTELINA,
ESC.PROV.J.M.ESTRADA,20,295A,1,7335,7335,316,20-295A,San Justo,TORO PUJIO,
ESC JOSE BERRNARDO ITURRASPE,20,310A,17,7574,7590,5831,20-310A,San Justo,SAN FRANCISCO SECC. NORTE,
ESC PTE HIPOLITO IRIGOYEN,20,310A,13,7627,7639,4466,20-310A,San Justo,SAN FRANCISCO SECC. NORTE,
ESC JOSE MARIA PAZ,20,310A,12,7640,7651,4124,20-310A,San Justo,SAN FRANCISCO SECC. NORTE,
ESCUELA PRIMERA JUNTA,20,310A,11,7616,7626,3779,20-310A,San Justo,SAN FRANCISCO SECC. NORTE,
ESC DOMINGO F SARMIENTO,20,310A,10,7591,7600,3429,20-310A,San Justo,SAN FRANCISCO SECC. NORTE,
COL SAN FCO DE ASIS,20,310A,9,7601,7609,3091,20-310A,San Justo,SAN FRANCISCO SECC. NORTE,
COLEGIO SAGRADO CORAZON,20,310A,6,7610,7615,2065,20-310A,San Justo,SAN FRANCISCO SECC. NORTE,
INST PASCUAL BAILON SOSA,20,310A,6,7652,7657,2065,20-310A,San Justo,SAN FRANCISCO SECC. NORTE,
I.P.E.M. N° 298,21,316,14,7746,7759,4868,21-316,Santa María,ALTA GRACIA,
ESCUELA CURA ELEODORO FIERRO,21,316,13,7760,7772,4501,21-316,Santa María,ALTA GRACIA,
ESC COMANDANTE ESPORA,21,316,12,7676,7687,4175,21-316,Santa María,ALTA GRACIA,
ESC NAC NORM SUP ALTA GRACIA,21,316,10,7719,7728,3476,21-316,Santa María,ALTA GRACIA,
INST DE LA MISERICORDIA,21,316,10,7702,7711,3469,21-316,Santa María,ALTA GRACIA,
ESCUELA JOSE MARIA PAZ,21,316,9,7781,7789,3117,21-316,Santa María,ALTA GRACIA,
ESCUELA SAN MARTIN,21,316,9,7729,7737,3124,21-316,Santa María,ALTA GRACIA,
ESC REPUBLICA ITALIANA,21,316,8,7738,7745,2782,21-316,Santa María,ALTA GRACIA,
ESC SANTIAGO DE LINIERS,21,316,8,7790,7797,2777,21-316,Santa María,ALTA GRACIA,
ESC VICTOR MERCANTE,21,316,8,7688,7695,2782,21-316,Santa María,ALTA GRACIA,
ESCUELA MANUEL SOLARES,21,316,8,7773,7780,2772,21-316,Santa María,ALTA GRACIA,
INST SUP ANGLO AMERICANO,21,316,7,7712,7718,2433,21-316,Santa María,ALTA GRACIA,
INST EL OBRAJE (ARRIBA),21,316,6,7696,7701,2083,21-316,Santa María,ALTA GRACIA,
ESC PTE HIPOLITO IRIGOYEN,21,316,5,7798,7802,1736,21-316,Santa María,ALTA GRACIA,
ESC PROV B DE MONTEAGUDO,21,317,2,7853,7854,354,21-317,Santa María,BAJO CHICO,
ESC.PROV.FRENCH Y BERUTTI,21,318,2,7855,7856,644,21-318,Santa María,RAFAEL GARCIA,
ESC DR FLORENTINO F BUSTOS,21,319,5,7857,7861,1587,21-319,Santa María,BOUWER,
OLEGARIO V ANDRADE (CIRC 322),21,320,1,7862,7862,26,21-320,Santa María,BUENA VISTA,
ESC PROV OLEGARIO V ANDRADE,21,322,1,7863,7863,52,21-322,Santa María,COSME,
INSTITUTO PRIVADO PIO XII,21,323,10,7864,7873,3330,21-323,Santa María,DESPEÑADEROS,
ESC PROV 25 DE MAYO,21,323,8,7874,7881,2660,21-323,Santa María,DESPEÑADEROS,
ESC PROV DOMINGO F SARMIENTO,21,324,5,7882,7886,1433,21-324,Santa María,FALDA DEL CARMEN,
ESC.PROV.B.RIVADAVIA,21,325,5,7887,7891,1419,21-325,Santa María,LOZADA,
ESC PROV MANUEL BELGRANO,21,326,13,7892,7904,4366,21-326,Santa María,MALAGUEÑO,
I.P.E.M.67-L.PIEDRABUENA,21,326,9,7905,7913,3020,21-326,Santa María,MALAGUEÑO,
ESC.DELL'ARMELLINA,21,327,2,7939,7940,480,21-327,Santa María,MONTE RALO,
ESC IPEM 32-EST POT DE GARAY,21,328,5,7941,7945,1460,21-328,Santa María,POTRERO DE GARAY,
ESC.PROV.J.B.CABRAL,21,329,1,7949,7949,209,21-329,Santa María,SAN CLEMENTE,
ESC.PROV.M.MORENO,21,330,2,7950,7951,657,21-330,Santa María,SAN ISIDRO,
ESC PROV JUAN B ALBERDI,21,331,8,7954,7961,2693,21-331,Santa María,TOLEDO,
IPEM 107 REINO DE ESPAÑA,21,331,7,7962,7968,2357,21-331,Santa María,TOLEDO,
ESC VICENTE LOPEZ Y PLANES,21,316A,7,7809,7815,2280,21-316A,Santa María,ANIZACATE,
IPEM N° 118-JUANA AZURDUY,21,316A,6,7803,7808,1961,21-316A,Santa María,ANIZACATE,
JARDIN VICENTE LOPEZ Y PLANES,21,316A,2,7816,7817,653,21-316A,Santa María,ANIZACATE,
ESC PROV DOMINGO F SARMIENTO,21,316B,1,7818,7818,181,21-316B,Santa María,LA PAISANITA,
LOCAL COMUNAL,21,316C,1,7819,7819,175,21-316C,Santa María,LA RANCHERITA,
ESC GENERAL MANUEL BELGRANO,21,316D,2,7820,7821,479,21-316D,Santa María,LA SERRANITA,
ESC PROV CATALINA E DE BARON,21,316E,4,7822,7825,1241,21-316E,Santa María,LOS CEDROS,
IPET N°118 AZURDUY (CIRC 316A),21,316F,4,7826,7829,1121,21-316F,Santa María,VALLE DE ANIZACATE,
ESC.PROV.J.HERNANDEZ,21,316G,6,7830,7835,1903,21-316G,Santa María,VILLA EL PRADO,
ESCUELA ATAHULPA YUPANQUI,21,316H,4,7836,7839,1157,21-316H,Santa María,VILLA LA BOLSA,
ESC PROV DOMINGO F SARMIENTO,21,316I,3,7840,7842,1029,21-316I,Santa María,VILLA LOS AROMOS,
IPET 334,21,316J,10,7843,7852,3156,21-316J,Santa María,VILLA PARQUE SANTA ANA,
COLEGIO JUAN XXIII,21,326A,7,7914,7920,2299,21-326A,Santa María,YOCSINA,
ESC PROV GABRIELA MISTRAL,21,326A,3,7921,7923,985,21-326A,Santa María,YOCSINA,
ESC PROV FRAY J S MARIA DE ORO,21,326B,6,7924,7929,1918,21-326B,Santa María,BARRIO PRIMERO DE MAYO,
ESC MARTIN M DE GUEMES,21,326C,7,7930,7936,2193,21-326C,Santa María,SAN NICOLAS,
JARDIN MARTIN M DE GUEMES,21,326C,2,7937,7938,627,21-326C,Santa María,SAN NICOLAS,
ESC.PROV.J.V.GONZALEZ,21,328B,3,7946,7948,914,21-328B,Santa María,VILLA CIUDAD DE AMERICA,
ESCUELA DE MINERIA,21,330A,2,7952,7953,634,21-330A,Santa María,JOSE DE LA QUINTANA,
ESC.PROV.FCO.PASCACIO MORENO,22,332,2,7969,7970,560,22-332,Sobremonte,POZO NUEVO,
ESC V LOPEZ Y PLANES,22,333,2,7971,7972,439,22-333,Sobremonte,CAMINIAGA,
ESC PROV MARIANO MORENO,22,334,1,7973,7973,333,22-334,Sobremonte,CHUÑAHUASI,
IPEM 63 R DE ITALIA EX IPET 17,22,335,9,7974,7982,2784,22-335,Sobremonte,CHAÑAR,
COL NAC JOSE M ESTRADA,23,336,13,7983,7995,4464,23-336,Tercero Arriba,ALMAFUERTE,
ESC REMEDIOS E DE SAN MARTIN,23,336,11,7996,8006,3788,23-336,Tercero Arriba,ALMAFUERTE,
IPEM N° 299-DR S E NAUMCHIK,23,336,7,8007,8013,2410,23-336,Tercero Arriba,ALMAFUERTE,
ESC.M.G.PONCE,23,337,7,8014,8020,2284,23-337,Tercero Arriba,ASCASUBI,
ESC PROV GRAL J DE SAN MARTIN,23,338,5,8023,8027,1712,23-338,Tercero Arriba,CORRALITO,
ESC PROV FRAY LUIS BELTRAN,23,339,5,8028,8032,1460,23-339,Tercero Arriba,DALMACIO VELEZ,
ESC PABLO A PIZZURNO,23,340,9,8046,8054,3091,23-340,Tercero Arriba,HERNANDO,
ESC GOB J F JAVIER DIAZ,23,340,7,8033,8039,2404,23-340,Tercero Arriba,HERNANDO,
ESC LA STMA TRINIDAD,23,340,7,8055,8061,2396,23-340,Tercero Arriba,HERNANDO,
COLEGIO DIVINO CORAZON,23,340,6,8040,8045,2058,23-340,Tercero Arriba,HERNANDO,
ESC PROV J M SALGUEIRO,23,341,8,8068,8075,2652,23-341,Tercero Arriba,JAMES CRAIK,
INST SEC JOSE M ESTRADA,23,341,6,8062,8067,1983,23-341,Tercero Arriba,JAMES CRAIK,
ESC CNEL DOMINGO GAY,23,342,7,8082,8088,2376,23-342,Tercero Arriba,LAS PERDICES,
ESC PROV DOMINGO F SARMIENTO,23,342,6,8076,8081,2037,23-342,Tercero Arriba,LAS PERDICES,
ESC VICENTE LOPEZ Y PLANES,23,343,2,8089,8090,626,23-343,Tercero Arriba,LOS ZORROS,
C0LEGIO SAGRADO CORAZON,23,344,13,8098,8110,4446,23-344,Tercero Arriba,OLIVA,
ESCUELA NAC.DE COMERCIO,23,344,13,8111,8123,4427,23-344,Tercero Arriba,OLIVA,
ESC PROV BARTOLOME MITRE,23,344,7,8091,8097,2389,23-344,Tercero Arriba,OLIVA,
ESC PROV ANTARTIDA ARGENTINA,23,345,2,8124,8125,424,23-345,Tercero Arriba,PAMPAYASTA NORTE,
ESC.PROV. REYES CATOLICOS,23,346,4,8126,8129,1248,23-346,Tercero Arriba,PAMPAYASTA SUD,
ESC.PROV.S.A.GUTIERREZ,23,347,1,8130,8130,231,23-347,Tercero Arriba,PUNTA DEL AGUA,
INST ALEXIS CARREL,23,348,17,8159,8175,5875,23-348,Tercero Arriba,RIO TERCERO,
E.N.E.T. N°1,23,348,15,8144,8158,5193,23-348,Tercero Arriba,RIO TERCERO,
COLEGIO JESUS MARIA Y JOSE,23,348,14,8194,8207,4836,23-348,Tercero Arriba,RIO TERCERO,
ESC JOSE M ZAPIOLA,23,348,13,8218,8230,4481,23-348,Tercero Arriba,RIO TERCERO,
ESCUELA N° 402,23,348,13,8231,8243,4488,23-348,Tercero Arriba,RIO TERCERO,
ESC PROV MODESTO ACUÑA,23,348,12,8132,8143,4153,23-348,Tercero Arriba,RIO TERCERO,
ESC PROV R E DE SAN MARTIN,23,348,12,8176,8187,4145,23-348,Tercero Arriba,RIO TERCERO,
INSTITUTO ARTE NUEVO,23,348,12,8244,8255,4144,23-348,Tercero Arriba,RIO TERCERO,
ESC GREGORIA I PEREZ,23,348,10,8208,8217,3457,23-348,Tercero Arriba,RIO TERCERO,
ESC SUP DE COMERCIO,23,348,6,8188,8193,2064,23-348,Tercero Arriba,RIO TERCERO,
ESC GRAL JOSE DE SAN MARTIN,23,349,8,8263,8270,2611,23-349,Tercero Arriba,TANCACHA,
ESC PROV JOSE M PAZ,23,349,7,8256,8262,2283,23-349,Tercero Arriba,TANCACHA,
ESC PROV JUAN B ALBERDI,23,337A,2,8021,8022,580,23-337A,Tercero Arriba,CNIA ALMADA,
ESC PROV GABRIELA MISTRAL,23,347A,1,8131,8131,250,23-347A,Tercero Arriba,LAS ISLETILLAS,
ESC PROV GRAL BATOLOME MITRE,23,349A,1,8271,8271,339,23-349A,Tercero Arriba,GENERAL FOTHERINGHAM,
ESC PROV GRAL ARENALES,24,350,2,8272,8273,400,24-350,Totoral,CANDELARIA,
ESC.R.J.CARCANO,24,351,4,8274,8277,1200,24-351,Totoral,CAÑADA DE LUQUE,
ESC.PROV.J.F.KENNEDY,24,352,6,8281,8286,1754,24-352,Totoral,LAS PEÑAS,
ESC CEFERINO NAMUNCURA,24,353,1,8288,8288,65,24-353,Totoral,MACHA,
ESC PROV GREGORIA MATORRAS,24,354,1,8289,8289,257,24-354,Totoral,SANTA CATALINA,
ESC.PROV.S.MARTIN Y GOMEZ,24,355,4,8290,8293,1190,24-355,Totoral,SARMIENTO,
ESC.PROV.F.AMEGHINO,24,356,1,8294,8294,345,24-356,Totoral,SIMBOLAR,
ESC.PROV.CNEL. PRINGLES,24,357,6,8295,8300,2053,24-357,Totoral,SINSACATE,
ESC.PROV.24 DE SEPTIEMBRE,24,358,2,8301,8302,630,24-358,Totoral,SITON,
ESC PROV BARTOLOME MITRE,24,359,11,8303,8313,3739,24-359,Totoral,VILLA DEL TOTORAL,
IPETYM N° 74 FRAY M ESQUIU,24,359,7,8320,8326,2372,24-359,Totoral,VILLA DEL TOTORAL,
ESC NORM SUP V DEL TOTORAL,24,359,6,8314,8319,2040,24-359,Totoral,VILLA DEL TOTORAL,
ESC PROV BERNARDINO RIVADAVIA,24,351A,3,8278,8280,738,24-351A,Totoral,LA PAMPA,
ESC PROV PEDRO N ARIAS,24,352A,1,8287,8287,165,24-352A,Totoral,LOS MISTOLES,
ESC PROV MARIANO MORENO,25,360,1,8327,8327,156,25-360,Tulumba,CHURQUI CAÑADA,
ESC.J.M.ESTRADA,25,361,6,8330,8335,1975,25-361,Tulumba,LAS ARRIAS,
ESC PROV 25 DE MAYO,25,362,1,8336,8336,35,25-362,Tulumba,EL BAÑADO,
ESC PROV JOSE MARMOL,25,363,1,8337,8337,48,25-363,Tulumba,ISLA DE SAN ANTONIO,
ESC.PROV.F.N.LAPRIDA,25,364,8,8344,8351,2666,25-364,Tulumba,LA DORMIDA,
I.P.E.A. N°223,25,364,6,8338,8343,1993,25-364,Tulumba,LA DORMIDA,
ESC LUIS E JUNCOS(EX NAC 212),25,365,1,8352,8352,17,25-365,Tulumba,LAS MASITAS,
ESC.MARIA L.ROBLEDO,25,366,3,8353,8355,1042,25-366,Tulumba,LUCIO V MANSILLA,
ESC.PROV.D.F.SARMIENTO,25,367,2,8356,8357,421,25-367,Tulumba,ROSARIO DEL SALADILLO,
ESC.PROV.V.MERCANTE,25,368,2,8358,8359,656,25-368,Tulumba,SAN JOSE DE LAS SALINAS,
ESC MANUEL BELGRANO,25,369,2,8360,8361,566,25-369,Tulumba,SAN PEDRO NORTE,
ESC PROV CORNELIO SAAVEDRA,25,370,1,8362,8362,83,25-370,Tulumba,SANTA CRUZ,
ESC.PROV.OB.O.CORREA,25,371,6,8364,8369,1996,25-371,Tulumba,TULUMBA,
ESC PROV MIGUEL DE GUEMES,25,360A,1,8328,8328,267,25-360A,Tulumba,EL RODEO,
ESCUELA ESTEBAN ECHEVERRIA,25,360B,1,8329,8329,136,25-360B,Tulumba,LA TOMA,
ESC PROV MANUEL DORREGO,25,370A,1,8363,8363,27,25-370A,Tulumba,LA CAÑADA,
ESC.PROV.DR.GARCIA GONZALEZ,26,372,4,8370,8373,1144,26-372,Unión,ALTO ALEGRE,
ESC PROV GRAL SAN MARTIN,26,373,7,8375,8381,2363,26-373,Unión,BALLESTEROS,
ESC GRAL BELGRANO-IPEM N°139,26,373,5,8382,8386,1694,26-373,Unión,BALLESTEROS,
ESCUELA N°9,26,374,5,8387,8391,1637,26-374,Unión,BALLESTEROS SUD,
ESC.NORMAL F.ALCORTA,26,375,21,8392,8412,7309,26-375,Unión,BELL VILLE,
ESC PONCIANO VIVANCO,26,375,16,8450,8465,5579,26-375,Unión,BELL VILLE,
ESC.SUPERIOR DE COMERCIO,26,375,14,8424,8437,4870,26-375,Unión,BELL VILLE,
COLEGIO SAN JOSE,26,375,12,8466,8477,4174,26-375,Unión,BELL VILLE,
ESCUELA A MATTERSON,26,375,12,8438,8449,4176,26-375,Unión,BELL VILLE,
ESC F AMEGHINO,26,375,11,8413,8423,3827,26-375,Unión,BELL VILLE,
CENTRO POLIVALENTE DE ARTE,26,375,4,8478,8481,1391,26-375,Unión,BELL VILLE,
ESC PROV B ERNARDINO RIVADAVIA,26,376,2,8482,8483,418,26-376,Unión,BISMARCK,
ESC PROV ALMAFUERTE,26,377,1,8484,8484,256,26-377,Unión,BREMEN,
INSTITUTO BELISARIO ROLDAN,26,378,12,8495,8506,4162,26-378,Unión,CANALS,
ESC PROV J HERNANDEZ,26,378,10,8485,8494,3483,26-378,Unión,CANALS,
ESC.PROV.A.M.ZUMARAN D CARCANO,26,379,1,8507,8507,23,26-379,Unión,CARCANO,
ESC DE COM JOSE M.ESTRADA,26,381,5,8508,8512,1458,26-381,Unión,CINTRA,
ESC PROV B QUINQUELA MARTIN,26,382,2,8513,8514,680,26-382,Unión,CHILIBROSTE,
ESC.PROV.V.LOPEZ Y PLANES,26,384,5,8515,8519,1579,26-384,Unión,PUEBLO ITALIANO,
ESC.M.C.G.DE MATOCCIA,26,385,4,8520,8523,1341,26-385,Unión,ESCALANTE,
ESC R VERA PEÑALOZA,26,386,2,8524,8525,611,26-386,Unión,GOULD,
ESC P ALBARRACIN DE SARMIENTO,26,387,5,8526,8530,1488,26-387,Unión,IDIAZABAL,
INST SUP DE PROFESORADO,26,389,6,8536,8541,1965,26-389,Unión,LABORDE,
ESCUELA MARIANO MORENO,26,389,5,8531,8535,1645,26-389,Unión,LABORDE,
ESCUELA PROV DARDO ROCHA,26,389,5,8542,8546,1645,26-389,Unión,LABORDE,
ESC.PROV.D.F.SARMIENTO,26,390,2,8547,8548,567,26-390,Unión,MONTE LEÑA,
INSTITUTO SAGRADO CORAZON,26,391,13,8549,8561,4374,26-391,Unión,MONTE MAIZ,
ESCUELA JOSE DE SAN MARTIN,26,391,6,8562,8567,2019,26-391,Unión,MONTE MAIZ,
ESC PROV LEOPOLDO LUGONES,26,392,7,8572,8578,2231,26-392,Unión,MORRISON,
ESC PROV NIÑAS DE AYOHUMA,26,392,4,8568,8571,1275,26-392,Unión,MORRISON,
ESCUELA LEANDRO N ALEM,26,393,8,8585,8592,2591,26-393,Unión,NOETINGER,
ESC PROV R E DE SAN MARTIN,26,393,6,8579,8584,1941,26-393,Unión,NOETINGER,
ESCUELA AMADEO AUCHTER,26,394,7,8593,8599,2397,26-394,Unión,ORDOÑEZ,
INST GALA ORTIZ FERNANDEZ,26,395,5,8600,8604,1729,26-395,Unión,PASCANAS,
ESC MAESTRO J RECALDE,26,395,2,8605,8606,693,26-395,Unión,PASCANAS,
INST DALMACIO VELEZ SARSFIELD,26,396,12,8607,8618,4155,26-396,Unión,POSSE,
ESC PROV JUANA MANSO,26,396,5,8619,8623,1736,26-396,Unión,POSSE,
INSTITUTO SAN JOSE,26,396,5,8624,8628,1733,26-396,Unión,POSSE,
ESC.PROV.P.PIZZURNO,26,397,5,8630,8634,1508,26-397,Unión,SAN ANTONIO,
INST JOSE DE SAN MARTIN,26,400,5,8636,8640,1577,26-400,Unión,SAN MARCOS SUD,
ESC PROV M BUCHARDO,26,400,4,8641,8644,1263,26-400,Unión,SAN MARCOS SUD,
ESC PROV PAULA ALBARRACIN,26,401,1,8645,8645,265,26-401,Unión,SANTA MARIA,
INSTITUTO JUAN B ALBERDI,26,402,5,8646,8650,1625,26-402,Unión,VIAMONTE,
ESC PROV JUAN P ESNAOLA,26,372A,1,8374,8374,238,26-372A,Unión,ANA ZUMARAN,
ESC.PROV.M.SASTRE,26,396A,1,8629,8629,34,26-396A,Unión,VILLA LOS PATOS,
ESCUELA VALENTIN ALSINA,26,397A,1,8635,8635,6,26-397A,Unión,CORRAL DEL BAJO,